,id,name,terminalName,lat,long,installed,locked,installDate,removalDate,temporary,nbBikes,nbStandardBikes,nbEBikes,nbEmptyDocks,nbDocks
0,1,"River Street , Clerkenwell",1023,51.52916347,-0.109970527,True,False,1278947280000.0,,False,10,10,0,5,19
1,2,"Phillimore Gardens, Kensington",1018,51.49960695,-0.197574246,True,False,1278585780000.0,,False,13,12,1,20,37
2,3,"Christopher Street, Liverpool Street",1012,51.52128377,-0.084605692,True,False,1278240360000.0,,False,0,0,0,30,32
3,4,"St. Chad's Street, King's Cross",1013,51.53005939,-0.120973687,True,False,1278241080000.0,,False,14,14,0,2,23
4,5,"Sedding Street, Sloane Square",3420,51.49313,-0.156876,True,False,1278241440000.0,,False,0,0,0,26,27
5,6,"Broadcasting House, Marylebone",3424,51.51811784,-0.144228881,True,False,1278241680000.0,,False,0,0,0,16,18
6,7,"Charlbert Street, St. John's Wood",3422,51.53430039,-0.1680743,True,False,1278241800000.0,,False,14,11,3,1,16
7,8,"Maida Vale, Maida Vale",3423,51.529857,-0.18348604,True,False,1540984560000.0,,False,34,19,15,1,39
8,9,"New Globe Walk, Bankside",1015,51.5073853,-0.096440751,True,False,1278242340000.0,,False,0,0,0,19,19
9,10,"Park Street, Bankside",1024,51.50597426,-0.092754157,True,False,1278242460000.0,,False,1,1,0,13,18
10,11,"Brunswick Square, Bloomsbury",1022,51.52395143,-0.122502346,True,False,1278340440000.0,,False,1,0,1,22,24
11,12,"Malet Street, Bloomsbury",980,51.52168078,-0.130431727,True,False,1278340620000.0,,False,0,0,0,41,49
12,13,"Scala Street, Fitzrovia",970,51.51991453,-0.136039674,True,False,1278340800000.0,,False,0,0,0,19,21
13,14,"Argyle Street, Kings Cross",1011,51.529416,-0.1239443999999991,True,False,1278341040000.0,,False,33,33,0,2,45
14,15,"Great Russell Street, Bloomsbury",988,51.51772703,-0.127854211,True,False,1278341220000.0,,False,0,0,0,24,26
15,16,"Cartwright Gardens , Bloomsbury",1010,51.52635795,-0.125979294,True,False,1278341400000.0,,False,11,8,3,7,21
16,17,"Hatton Wall, Holborn",1008,51.5216612,-0.109006325,True,False,1278423720000.0,,False,3,3,0,20,26
17,18,"Drury Lane, Covent Garden",1007,51.51477076,-0.12221963,True,False,1278426300000.0,,False,0,0,0,22,27
18,19,"Taviton Street, Bloomsbury",1009,51.52505093,-0.131161087,True,False,1278426720000.0,,False,2,2,0,25,30
19,20,"Drummond Street , Euston",993,51.527326,-0.13605286,True,False,1544659200000.0,,False,24,23,1,2,28
20,21,"Lansdowne Drive, Hackney Central",3426,51.539834,-0.062806212,True,False,1278427740000.0,,False,24,22,2,0,26
21,22,"Northington Street , Holborn",3425,51.5222641,-0.114079481,True,False,1278428880000.0,,False,0,0,0,16,19
22,23,"Red Lion Square, Holborn",3421,51.51943538,-0.119123345,True,False,1278429300000.0,,False,0,0,0,14,16
23,24,"British Museum, Bloomsbury",981,51.51908011,-0.124678402,True,False,1278430140000.0,,False,0,0,0,32,35
24,25,"Doric Way , Somers Town",1004,51.5288338,-0.132250369,True,False,1278433200000.0,,False,35,31,4,12,50
25,26,"Ampton Street , Clerkenwell",1019,51.52728093,-0.11829517,True,False,1278434160000.0,,False,12,8,4,4,21
26,28,"Bolsover Street, Fitzrovia",1025,51.52351808,-0.143613641,True,False,1278500460000.0,,False,1,1,0,13,19
27,29,"Hereford Road, Bayswater",1016,51.513735,-0.193487,True,False,1278501180000.0,,False,14,10,4,3,22
28,30,"Windsor Terrace, Hoxton",1029,51.52915444,-0.093421615,True,False,1278501420000.0,,False,19,16,3,2,24
29,31,"Fanshaw Street, Hoxton",3427,51.52953709,-0.083353323,True,False,1278501600000.0,,False,17,15,2,14,36
30,33,"Central House, Aldgate",3430,51.515231,-0.07015,True,False,1278506940000.0,,False,1,0,1,19,24
31,34,"Pancras Road, King's Cross",3428,51.5341235,-0.129386874,True,False,1278507060000.0,,False,9,7,2,0,16
32,36,"De Vere Gardens, Kensington",3446,51.50173726,-0.184980612,True,False,1278519900000.0,,False,0,0,0,27,28
33,37,"Penywern Road, Earl's Court",3444,51.49159394,-0.192369256,True,False,1278520020000.0,,False,11,11,0,3,17
34,38,"Abingdon Villas, Kensington",3442,51.4973875,-0.197245586,True,False,1278584880000.0,,False,6,3,3,10,17
35,39,"Shoreditch High Street, Shoreditch",3445,51.5263778,-0.078130921,True,False,1278601740000.0,,False,0,0,0,35,41
36,40,"Commercial Street, Shoreditch",1083,51.52127071,-0.0755789,True,False,1278601980000.0,,False,0,0,0,14,16
37,41,"Pindar Street, Liverpool Street",1084,51.520955,-0.083493552,True,False,1278602280000.0,,False,0,0,0,19,24
38,42,"Wenlock Road , Hoxton",979,51.53099181,-0.093903825,True,False,1278602700000.0,,False,10,9,1,14,28
39,43,"Crawford Street, Marylebone",1036,51.52026,-0.157183945,True,False,1278687720000.0,,False,0,0,0,13,18
40,44,"Bruton Street, Mayfair",1034,51.51073687,-0.144165239,True,False,1278687900000.0,,False,0,0,0,17,21
41,45,"Boston Place, Marylebone",1035,51.522511,-0.162298,True,False,1278691320000.0,,False,9,9,0,7,26
42,46,"Nesham Street, Wapping",1031,51.507131,-0.06691,True,False,1278691800000.0,,False,13,11,2,1,16
43,47,"Warwick Avenue Station, Maida Vale",1027,51.52334476,-0.183846408,True,False,1278749160000.0,,False,10,10,0,7,19
44,48,"Godliman Street, St. Paul's",971,51.51248445,-0.099141408,True,False,1278749460000.0,,False,0,0,0,23,25
45,49,"Curzon Street, Mayfair",3437,51.50706909,-0.145904427,True,False,1278749940000.0,,False,0,0,0,14,16
46,50,"East Road, Hoxton",1054,51.52867339,-0.087459376,True,False,1278750240000.0,,False,5,4,1,20,27
47,51,"Finsbury Library , Finsbury",986,51.52671796,-0.104298194,True,False,1278750540000.0,,False,17,17,0,12,29
48,52,"Roscoe Street, St. Luke's",1026,51.52295439,-0.094934859,True,False,1278750840000.0,,False,4,4,0,14,18
49,53,"Grafton Street, Mayfair",3431,51.5099923,-0.143495266,True,False,1278752580000.0,,False,0,0,0,17,18
50,54,"Golden Lane, Barbican",967,51.52174785,-0.094475072,True,False,1278766740000.0,,False,7,7,0,18,27
51,55,"Finsbury Circus, Liverpool Street",984,51.51707521,-0.086685542,True,False,1278766980000.0,,False,0,0,0,32,33
52,56,"Paddington Street, Marylebone",1033,51.52058381,-0.154701411,True,False,1278767220000.0,,False,0,0,0,12,16
53,57,"Guilford Street , Bloomsbury",974,51.52334672,-0.120202614,True,False,1278767460000.0,,False,8,6,2,19,32
54,58,"New Inn Yard, Shoreditch",1032,51.52452699,-0.079248081,True,False,1278767700000.0,,False,0,0,0,18,20
55,60,"Lisson Grove, St. John's Wood",1030,51.52644828,-0.172190727,True,False,1278769140000.0,,False,2,2,0,13,18
56,61,"Great Dover Street, The Borough",1017,51.49738251,-0.089446947,True,False,1278773820000.0,,False,26,22,4,1,33
57,62,"Cotton Garden Estate, Kennington",990,51.4907579,-0.106323685,True,False,1278773940000.0,,False,12,10,2,12,24
58,63,"Murray Grove , Hoxton",989,51.53089041,-0.089782579,True,False,1278774120000.0,,False,15,13,2,9,27
59,64,"William IV Street, Strand",1028,51.50946212,-0.124749274,True,False,1278774300000.0,,False,0,0,0,23,26
60,65,"Gower Place , Euston",969,51.52522753,-0.13518856,True,False,1278840660000.0,,False,2,1,1,11,17
61,66,"Holborn Circus, Holborn",982,51.51795029,-0.108657431,True,False,1278845280000.0,,False,0,0,0,38,40
62,67,"Hatton Garden, Holborn",985,51.51882555,-0.108028472,True,False,1278847440000.0,,False,0,0,0,26,28
63,68,"Theobald's Road , Holborn",975,51.52059681,-0.116688468,True,False,1278857040000.0,,False,1,1,0,23,26
64,69,"Euston Road, Euston",983,51.5262363,-0.134407652,True,False,1278861540000.0,,False,5,5,0,17,24
65,70,"Calshot Street , King's Cross",1066,51.53136059,-0.117069978,True,False,1278863340000.0,,False,17,13,4,2,24
66,71,"Newgate Street , St. Paul's",1074,51.515768,-0.0998940000000061,True,False,1278924900000.0,,False,0,0,0,32,35
67,72,"Farringdon Lane, Clerkenwell",3432,51.52352001,-0.108340165,True,False,1276948860000.0,,False,1,0,1,12,16
68,73,"Old Street Station, St. Luke's",1064,51.525615,-0.0885326000000077,True,False,1278941040000.0,,False,0,0,0,29,34
69,74,"Vauxhall Cross, Vauxhall",1000,51.48591714,-0.124469948,True,False,1278941160000.0,,False,7,6,1,6,17
70,75,"Torrens Street, Angel",1060,51.53219984,-0.105480698,True,False,1278945180000.0,,False,9,3,6,7,19
71,76,"Longford Street, The Regent's Park",976,51.52559505,-0.144083893,True,False,1278946560000.0,,False,0,0,0,18,21
72,77,"Russell Square Station, Bloomsbury",978,51.52341837,-0.124121774,True,False,1278946860000.0,,False,4,3,1,21,26
73,78,"Sadlers Sports Centre, Finsbury",3433,51.52486887,-0.099489485,True,False,1278948480000.0,,False,1,1,0,16,17
74,79,"Arundel Street, Temple",3455,51.511726,-0.11385596,True,False,1509018360000.0,,False,0,0,0,17,18
75,80,"Webber Street , Southwark",3448,51.50069361,-0.102091246,True,False,1278952440000.0,,False,11,8,3,28,45
76,81,"Great Titchfield Street, Fitzrovia",3450,51.52025302,-0.141327271,True,False,1279012980000.0,,False,0,0,0,15,19
77,83,"Panton Street, West End",3452,51.50963938,-0.131510949,True,False,1279015800000.0,,False,1,1,0,17,21
78,84,"Breams Buildings, Holborn",3449,51.51593725,-0.111778348,True,False,1279020240000.0,,False,0,0,0,24,25
79,85,"Tanner Street, Bermondsey",994,51.50064702,-0.078600401,True,False,1279026060000.0,,False,18,17,1,21,41
80,86,"Sancroft Street, Vauxhall",3434,51.48947903,-0.115156562,True,False,1279027140000.0,,False,19,18,1,5,24
81,88,"Percy Street, Bloomsbury",1006,51.51863,-0.1326763000000141,True,False,1279028280000.0,,False,0,0,0,24,29
82,89,"Tavistock Place, Bloomsbury",3439,51.5262503,-0.123509611,True,False,1279029360000.0,,False,11,11,0,6,19
83,90,"Harrington Square 1, Camden Town",1038,51.53301907,-0.139174593,True,False,1279030020000.0,,False,15,12,3,7,27
84,91,"Walnut Tree Walk, Vauxhall",1076,51.49368637,-0.111014912,True,False,1279036740000.0,,False,14,12,2,3,20
85,92,"Borough Road, Elephant & Castle",1082,51.49889832,-0.100440521,True,False,1279037040000.0,,False,12,12,0,24,41
86,93,"Cloudesley Road, Angel",2586,51.53440868,-0.109025404,True,False,1279037760000.0,,False,32,19,13,0,37
87,94,"Bricklayers Arms, Borough",1070,51.49506109,-0.085814489,True,False,1279038420000.0,,False,18,16,2,8,28
88,95,"Aldersgate Street, Barbican",1065,51.5208417,-0.097340162,True,False,1279096560000.0,,False,0,0,0,13,15
89,96,"Falkirk Street, Hoxton",1047,51.53095071,-0.078505384,True,False,1279096980000.0,,False,14,12,2,9,26
90,97,"Gloucester Road (North), Kensington",3447,51.49792478,-0.183834706,True,False,1279097580000.0,,False,0,0,0,18,18
91,98,"Hampstead Road, Euston",972,51.52554222,-0.138231303,True,False,1279099080000.0,,False,1,1,0,48,54
92,101,"Queen Street 1, Bank",999,51.51155322,-0.0929401,True,False,1279102680000.0,,False,0,0,0,22,22
93,102,"Jewry Street, Aldgate",1045,51.51340693,-0.076793375,True,False,1279102860000.0,,False,0,0,0,16,17
94,103,"Vicarage Gate, Kensington",3441,51.50472376,-0.192538767,True,False,1279103520000.0,,False,9,6,3,9,18
95,104,"Crosswall, Tower",991,51.51159481,-0.077121322,True,False,1279103760000.0,,False,1,1,0,27,34
96,105,"Westbourne Grove, Bayswater",1041,51.51552971,-0.190240716,True,False,1279105320000.0,,False,24,19,5,0,26
97,106,"Woodstock Street, Mayfair",1042,51.51410514,-0.147301667,True,False,1279106880000.0,,False,0,0,0,21,21
98,107,"Finsbury Leisure Centre, St. Luke's",1049,51.52600832,-0.096317627,True,False,1279107480000.0,,False,6,6,0,11,20
99,109,"Soho Square , Soho",1052,51.51563144,-0.132328837,True,False,1279108320000.0,,False,0,0,0,55,57
100,110,"Wellington Road, St. John's Wood",1055,51.53304322,-0.172528678,True,False,1279108920000.0,,False,5,3,2,11,17
101,111,"Park Lane , Hyde Park",1037,51.5100172,-0.157275636,True,False,1279109160000.0,,False,0,0,0,23,28
102,112,"Stonecutter Street, Holborn",1061,51.51580998,-0.105270275,True,False,1279115460000.0,,False,0,0,0,17,21
103,113,"Gloucester Road (Central), South Kensington",3435,51.49646288,-0.183289032,True,False,1279116600000.0,,False,0,0,0,16,19
104,114,"Park Road (Baker Street), The Regent's Park",1050,51.52451738,-0.158963647,True,False,1279119900000.0,,False,9,7,2,9,22
105,115,"Braham Street, Aldgate",1062,51.51423368,-0.073537654,True,False,1279120680000.0,,False,0,0,0,28,34
106,116,"Little Argyll Street, West End",995,51.51449962,-0.141423695,True,False,1279122360000.0,,False,0,0,0,18,21
107,117,"Lollard Street, Vauxhall",998,51.49288067,-0.114934001,True,False,1279124220000.0,,False,21,19,2,3,25
108,118,"Rochester Row, Westminster",3457,51.49582705,-0.13547809,True,False,1279124520000.0,,False,0,0,0,12,13
109,119,"Bath Street, St. Luke's",964,51.52589324,-0.090847761,True,False,1279124760000.0,,False,3,3,0,12,18
110,120,"The Guildhall, Guildhall",1044,51.51573534,-0.093080779,True,False,1279187040000.0,,False,0,0,0,12,17
111,121,"Baker Street, Marylebone",1086,51.51891348,-0.156166631,True,False,1279189200000.0,,False,0,0,0,21,22
112,123,"St. John Street, Finsbury",992,51.52836014,-0.104724625,True,False,1279191300000.0,,False,15,13,2,1,18
113,124,"Eaton Square, Belgravia",1069,51.49654462,-0.150905245,True,False,1279191540000.0,,False,0,0,0,16,18
114,125,"Borough High Street, The Borough",996,51.50069491,-0.094524319,True,False,1279192200000.0,,False,0,0,0,19,21
115,126,"Museum of London, Barbican",1043,51.51782144,-0.096496865,True,False,1279193340000.0,,False,0,0,0,50,52
116,127,"Wood Street, Guildhall",1063,51.51700801,-0.09388536,True,False,1279193520000.0,,False,0,0,0,17,17
117,128,"Emperor's Gate, South Kensington",1116,51.49536226,-0.185296516,True,False,1279194060000.0,,False,2,2,0,16,22
118,129,"Golden Square, Soho",3451,51.5118973,-0.137043852,True,False,1279198500000.0,,False,0,0,0,13,18
119,130,"Tower Gardens , Tower",1071,51.50950627,-0.075459482,True,False,1279198800000.0,,False,0,0,0,23,24
120,131,"Eversholt Street , Camden Town",1005,51.53300545,-0.136792671,True,False,1279199280000.0,,False,8,7,1,7,16
121,132,"Bethnal Green Road, Shoreditch",973,51.52364804,-0.074754872,True,False,1279199520000.0,,False,3,3,0,32,38
122,133,"Derry Street, Kensington",3436,51.50136494,-0.191462381,True,False,1279200240000.0,,False,0,0,0,11,18
123,134,"Wapping High Street, Wapping",1039,51.504904,-0.06797,True,False,1279200900000.0,,False,17,14,3,1,20
124,135,"Clerkenwell Green, Clerkenwell",1053,51.52326004,-0.104708922,True,False,1279201080000.0,,False,1,0,1,17,21
125,136,"Queen Victoria Street, St. Paul's",1048,51.51196176,-0.097441687,True,False,1279201200000.0,,False,0,0,0,32,32
126,138,"Green Street, Mayfair",3464,51.51227622,-0.157436972,True,False,1279205220000.0,,False,0,0,0,16,19
127,139,"Lambeth Road, Vauxhall",1078,51.49488108,-0.117974901,True,False,1279205460000.0,,False,1,1,0,15,18
128,140,"Finsbury Square , Moorgate",1056,51.52096262,-0.085634242,True,False,1279205580000.0,,False,0,0,0,30,33
129,141,"Chapel Place, Marylebone",1003,51.51530805,-0.147203711,True,False,1279210980000.0,,False,0,0,0,26,29
130,142,"West Cromwell Road, Earl's Court",1001,51.49372451,-0.198286569,True,False,1279211220000.0,,False,8,7,1,15,24
131,143,"Pont Street, Knightsbridge",1114,51.4968865,-0.161203828,True,False,1279211400000.0,,False,0,0,0,20,24
132,144,"Kennington Cross, Kennington",1093,51.48894022,-0.111435796,True,False,1279211580000.0,,False,27,25,2,18,47
133,145,"Ilchester Place, Kensington",1115,51.50074359,-0.202759212,True,False,1279212180000.0,,False,2,2,0,18,24
134,146,"Vauxhall Bridge , Pimlico",1046,51.48836528,-0.129361842,True,False,1279212360000.0,,False,3,3,0,30,35
135,147,"Portugal Street, Holborn",3456,51.51494305,-0.11614642,True,False,1279214760000.0,,False,0,0,0,16,16
136,148,"Tachbrook Street, Victoria",965,51.49211134,-0.138364847,True,False,,,False,12,12,0,2,16
137,149,"Kennington Road Post Office, Oval",1073,51.48478899,-0.110683213,True,False,1279215360000.0,,False,10,7,3,4,18
138,150,"Holy Trinity Brompton, Knightsbridge",1002,51.49705603,-0.168917077,True,False,1279215540000.0,,False,1,1,0,21,28
139,151,"Chepstow Villas, Notting Hill",1120,51.51213691,-0.201554966,True,False,1279215720000.0,,False,13,9,4,12,26
140,152,"Hampton Street, Walworth",1118,51.49217002,-0.101536865,True,False,1279215900000.0,,False,16,15,1,4,21
141,153,"Bayswater Road, Hyde Park",1096,51.511933,-0.174411,True,False,1279216080000.0,,False,9,9,0,9,27
142,154,"Waterloo Station 3, Waterloo",1072,51.50379168,-0.11282408,True,False,,,False,22,9,13,5,35
143,155,"Lexham Gardens, Kensington",1121,51.49586666,-0.191933711,True,False,1279272660000.0,,False,15,14,1,0,19
144,156,"New Kent Road, The Borough",966,51.49443626,-0.092921165,True,False,1279273080000.0,,False,15,11,4,15,33
145,157,"Wright's Lane, Kensington",1094,51.50039792,-0.193068385,True,False,1279273200000.0,,False,2,1,1,30,37
146,158,"Trebovir Road, Earl's Court",1113,51.49085368,-0.196170309,True,False,1279273320000.0,,False,2,2,0,12,18
147,160,"Waterloo Place, St. James's",3458,51.50663341,-0.131773845,True,False,1279274280000.0,,False,0,0,0,16,20
148,162,"Southampton Place, Holborn",1123,51.51760685,-0.121328408,True,False,1279287120000.0,,False,0,0,0,18,20
149,163,"Sloane Avenue, Knightsbridge",3461,51.4931848,-0.167894973,True,False,1279287300000.0,,False,0,0,0,22,27
150,164,"Cleveland Gardens, Bayswater",1178,51.515607,-0.183118788,True,False,1279287600000.0,,False,12,9,3,0,16
151,165,"Orsett Terrace, Bayswater",2585,51.517932,-0.183716959,True,False,1279287960000.0,,False,4,3,1,10,15
152,166,"Seville Street, Knightsbridge",1177,51.50185512,-0.159237081,True,False,1279288140000.0,,False,1,1,0,25,27
153,167,"Eccleston Place, Victoria",3465,51.49395092,-0.147624377,True,False,,,False,2,2,0,14,19
154,168,"Argyll Road, Kensington",3463,51.50040123,-0.195455928,True,False,1279289400000.0,,False,3,3,0,15,19
155,169,"Porchester Place, Paddington",3477,51.5147461,-0.1651640000000043,True,False,1279289760000.0,,False,4,3,1,7,18
156,170,"Hardwick Street, Clerkenwell",1057,51.5278427,-0.1080682,True,False,1279290180000.0,,False,23,23,0,2,30
157,171,"Collingham Gardens, Earl's Court",3459,51.4916156,-0.186753859,True,False,1279291200000.0,,False,1,1,0,13,14
158,172,"Sumner Place, South Kensington",1124,51.49121192,-0.173715911,True,False,1279291500000.0,,False,2,2,0,16,19
159,173,"Waterloo Road, South Bank",1176,51.50486,-0.113001,True,False,1279292700000.0,,False,7,6,1,6,15
160,175,"Worship Street, Shoreditch",997,51.521668,-0.079608554,True,False,1529674980000.0,,False,0,0,0,48,51
161,176,"Gloucester Terrace, Bayswater",1173,51.51791921,-0.188098863,True,False,1279297560000.0,,False,18,16,2,1,23
162,177,"Ashley Place, Victoria",1122,51.49616092,-0.140947636,True,False,1279297740000.0,,False,2,2,0,22,25
163,178,"Warwick Square, Pimlico",3460,51.48985626,-0.141923621,True,False,1279297920000.0,,False,15,13,2,0,19
164,180,"North Audley Street, Mayfair",1126,51.5129118,-0.153645496,True,False,1279298220000.0,,False,0,0,0,15,17
165,181,"Belgrave Square, Belgravia",3473,51.49941247,-0.152317537,True,False,1279298460000.0,,False,0,0,0,18,21
166,182,"Bell Street , Marylebone",1166,51.52202903,-0.165842551,True,False,1279363140000.0,,False,11,10,1,0,18
167,183,"Riverlight North, Nine Elms",1165,51.482362,-0.13612398,True,False,1279364160000.0,,False,18,16,2,0,24
168,184,"Portland Place, Marylebone",1164,51.52071513,-0.14521173,True,False,1279364280000.0,,False,0,0,0,30,34
169,185,"Alderney Street, Pimlico",1174,51.48805753,-0.140741432,True,False,1279365360000.0,,False,13,10,3,1,14
170,186,"South Wharf Road, Paddington",1167,51.51733558,-0.175810943,True,False,1279365480000.0,,False,13,13,0,0,16
171,187,"Queen's Gate (South), South Kensington",1172,51.49247977,-0.178433004,True,False,1279365720000.0,,False,0,0,0,24,25
172,188,"Nutford Place, Marylebone",1112,51.5165179,-0.164393768,True,False,1279376760000.0,,False,5,5,0,12,18
173,189,"Claremont Square, Angel",1104,51.53166681,-0.109914711,True,False,1279377180000.0,,False,5,5,0,10,18
174,190,"Rampayne Street, Pimlico",1106,51.48997562,-0.132845681,True,False,1279381080000.0,,False,9,7,2,10,21
175,191,"Hyde Park Corner, Hyde Park",1075,51.50311799,-0.153520935,True,False,1279383120000.0,,False,0,0,0,27,36
176,192,"Wardour Street, Soho",1163,51.51251523,-0.133201961,True,False,1279383300000.0,,False,0,0,0,15,16
177,193,"Bankside Mix, Bankside",963,51.50581776,-0.100186337,True,False,1279392479356.0,,False,1,1,0,56,60
178,194,"Hop Exchange, The Borough",960,51.50462759,-0.091773776,True,False,1279392479395.0,,False,0,0,0,53,55
179,195,"Milroy Walk, South Bank",959,51.50724437,-0.106237501,True,False,1279392479432.0,,False,0,0,0,25,30
180,196,"Union Street, The Borough",961,51.50368837,-0.098497684,True,False,1279392479471.0,,False,0,0,0,9,17
181,197,"Stamford Street, South Bank",962,51.50556905,-0.111606696,True,False,1279392479520.0,,False,17,17,0,3,27
182,199,"Great Tower Street, Monument",1080,51.51048489,-0.082989638,True,False,1279441800000.0,,False,0,0,0,21,24
183,200,"LMU Commercial Road, Whitechapel",1105,51.51492456,-0.066078037,True,False,1279441920000.0,,False,11,11,0,1,14
184,201,"Dorset Square, Marylebone",1162,51.5225965,-0.161113413,True,False,1279444080000.0,,False,9,6,3,3,16
185,202,"Leman Street, Aldgate",1102,51.51236389,-0.06954201,True,False,1279444320000.0,,False,12,12,0,20,37
186,203,"West Smithfield Rotunda, Farringdon",1040,51.51821864,-0.100791005,True,False,1279445580000.0,,False,0,0,0,9,15
187,204,"Margery Street, Clerkenwell",3468,51.52659961,-0.112432615,True,False,1279466640000.0,,False,5,5,0,12,19
188,206,"New Road 1 , Whitechapel",1171,51.518154,-0.062697,True,False,1279471380000.0,,False,0,0,0,33,36
189,207,"Grosvenor Crescent, Belgravia",1169,51.50135267,-0.153194766,True,False,1279558140000.0,,False,0,0,0,15,18
190,208,"Mallory Street, Marylebone",1175,51.52505151,-0.166304359,True,False,1279472580000.0,,False,6,4,2,14,20
191,209,"Denyer Street, Knightsbridge",3454,51.49358391,-0.165101392,True,False,1279529160000.0,,False,1,0,1,26,30
192,210,"Hinde Street, Marylebone",3476,51.51681444,-0.151926305,True,False,1279535160000.0,,False,0,0,0,17,21
193,211,"Cadogan Place, Knightsbridge",3469,51.49464523,-0.158105512,True,False,1279535820000.0,,False,1,1,0,30,34
194,212,"Campden Hill Road, Notting Hill",3487,51.50658458,-0.199004026,True,False,1279536840000.0,,False,8,6,2,8,17
195,213,"Wellington Arch, Hyde Park",1109,51.50274025,-0.149569201,True,False,1279537020000.0,,False,0,0,0,33,36
196,214,"Endsleigh Gardens, Euston",1079,51.52683806,-0.130504336,True,False,1279537200000.0,,False,7,5,2,20,32
197,215,"Moorfields, Moorgate",1092,51.51906932,-0.088285377,True,False,1279537380000.0,,False,0,0,0,45,54
198,216,"Old Brompton Road, South Kensington",3479,51.49094565,-0.181190899,True,False,1279537920000.0,,False,1,0,1,24,30
199,217,"Wormwood Street, Liverpool Street",2587,51.51615461,-0.082422399,True,False,1279538040000.0,,False,0,0,0,8,16
200,218,"St. Luke's Church, Chelsea",3486,51.48971651,-0.170194408,True,False,1279543740000.0,,False,3,3,0,17,20
201,219,"Bramham Gardens, Earl's Court",1183,51.49016361,-0.19039362,True,False,1279545900000.0,,False,9,6,3,17,29
202,220,"Chelsea Green, Chelsea",1179,51.49066456,-0.166485083,True,False,1279546320000.0,,False,1,1,0,12,15
203,221,"Horseferry Road, Westminster",1170,51.49481649,-0.13045856,True,False,1279552200000.0,,False,0,0,0,15,16
204,222,"Knightsbridge, Hyde Park",1101,51.50275704,-0.155349725,True,False,1279614120000.0,,False,0,0,0,39,43
205,223,"Rodney Road , Walworth",3481,51.49148474,-0.090220911,True,False,1279614420000.0,,False,18,16,2,3,24
206,224,"Queensway, Kensington Gardens",1150,51.51031,-0.18740235,True,False,1279615020000.0,,False,15,13,2,0,17
207,225,"Notting Hill Gate Station, Notting Hill",1182,51.50935342,-0.196422,True,False,1279616280000.0,,False,8,8,0,21,30
208,226,"Charles II Street, West End",3488,51.50844614,-0.131961389,True,False,1279616520000.0,,False,0,0,0,22,24
209,227,"Great Percy Street, Clerkenwell",3470,51.52891573,-0.115480888,True,False,1279616700000.0,,False,16,16,0,5,23
210,228,"St. James's Square, St. James's",1067,51.50742485,-0.134621209,True,False,1279616880000.0,,False,0,0,0,38,40
211,229,"Whitehall Place, Strand",1151,51.50654321,-0.123179697,True,False,1279617780000.0,,False,0,0,0,44,46
212,230,"Poured Lines, Bankside",1144,51.50669284,-0.103137426,True,False,1279618020000.0,,False,6,6,0,22,31
213,231,"Queen's Gate (Central), South Kensington",1089,51.49396755,-0.17873226,True,False,1279622820000.0,,False,0,0,0,27,31
214,232,"Carey Street, Holborn",1139,51.51501025,-0.112753217,True,False,1279623240000.0,,False,0,0,0,15,16
215,233,"Pall Mall East, West End",1153,51.50777049,-0.130699733,True,False,1279624260000.0,,False,0,0,0,19,22
216,234,"Liverpool Road (N1 Centre), Angel",1081,51.53450449,-0.106992706,True,False,1279624680000.0,,False,11,3,8,11,24
217,235,"Kennington Road, Vauxhall",1154,51.49571828,-0.110889274,True,False,1279625640000.0,,False,34,31,3,1,36
218,236,"Fashion Street, Whitechapel",3483,51.51838043,-0.073438925,True,False,1279625940000.0,,False,8,8,0,21,30
219,237,"Dock Street, Wapping",3467,51.5097860151,-0.0681619805156,True,False,1279799040000.0,,False,11,11,0,16,30
220,238,"Frampton Street, Paddington",1099,51.5233534,-0.175116099,True,False,1279627920000.0,,False,10,10,0,20,32
221,239,"Warren Street Station, Euston",1090,51.52443845,-0.138019439,True,False,1279628160000.0,,False,0,0,0,24,26
222,240,"Colombo Street, Southwark",3472,51.50545935,-0.10569204,True,False,1279628280000.0,,False,1,1,0,9,14
223,242,"Beaumont Street, Marylebone",3482,51.52200801,-0.151359288,True,False,1279628640000.0,,False,0,0,0,19,23
224,243,"Gloucester Street, Pimlico",1103,51.49096258,-0.139625122,True,False,1279628940000.0,,False,15,14,1,9,25
225,244,"Bucknall Street, Covent Garden",1145,51.51615,-0.1284176999999999,True,False,1279629240000.0,,False,0,0,0,18,18
226,245,"Grosvenor Road, Pimlico",1140,51.4853572,-0.142207481,True,False,1279629660000.0,,False,22,18,4,5,29
227,246,"Berry Street, Clerkenwell",1159,51.52285301,-0.099994052,True,False,1279639740000.0,,False,0,0,0,39,41
228,247,"St. John's Wood Church, The Regent's Park",1091,51.530529,-0.167515,True,False,1279639920000.0,,False,1,0,1,44,50
229,248,"Triangle Car Park, Hyde Park",1088,51.50645179,-0.170279555,True,False,1279640160000.0,,False,0,0,0,22,27
230,249,"Harper Road, The Borough",1137,51.49859784,-0.096191134,True,False,1279640400000.0,,False,17,17,0,20,42
231,250,"Royal Avenue 1, Chelsea",3440,51.489932,-0.162727,True,False,1279641000000.0,,False,2,2,0,5,10
232,251,"Brushfield Street, Liverpool Street",1161,51.518908,-0.079249,True,False,1279700160000.0,,False,0,0,0,33,34
233,253,"Shoreditch Park, Hoxton",1051,51.53404294,-0.086379717,True,False,1279700820000.0,,False,25,22,3,4,30
234,254,"Chadwell Street, Angel",3471,51.53051587,-0.106408455,True,False,1279700940000.0,,False,15,14,1,0,18
235,255,"Clifton Road, Maida Vale",1147,51.52557531,-0.179592915,True,False,1279702560000.0,,False,21,16,5,0,22
236,256,"Houghton Street, Strand",3484,51.51362054,-0.116764211,True,False,1279708020000.0,,False,0,0,0,14,15
237,257,"Westminster University, Marylebone",1194,51.52248185,-0.154907218,True,False,1279708140000.0,,False,0,0,0,13,16
238,258,"Kensington Gore, Knightsbridge",1193,51.50143293,-0.178656971,True,False,1279708380000.0,,False,1,1,0,18,23
239,259,"Bourne Street, Belgravia",1180,51.490959,-0.1532331,True,False,1279709100000.0,,False,2,2,0,14,16
240,260,"Broadwick Street, Soho",3489,51.5136846,-0.135580879,True,False,1279711020000.0,,False,0,0,0,16,18
241,261,"Princes Square, Bayswater",3491,51.5134891,-0.191351186,True,False,1279711200000.0,,False,8,5,3,5,16
242,262,"LSBU (Borough Road), Elephant & Castle",1095,51.49874469,-0.103132904,True,False,1279711620000.0,,False,24,21,3,9,35
243,263,"St. Mary Axe, Aldgate",1184,51.51422502,-0.080660083,True,False,1279712160000.0,,False,0,0,0,19,21
244,264,"Tysoe Street, Clerkenwell",1146,51.52644342,-0.109256828,True,False,1279712520000.0,,False,1,1,0,12,20
245,265,"Southwick Street, Paddington",3490,51.51595344,-0.169249375,True,False,1279714320000.0,,False,11,9,2,3,17
246,266,"Queen's Gate (North), Kensington",1204,51.50102668,-0.180246101,True,False,1279714560000.0,,False,0,0,0,29,41
247,267,"Regency Street, Westminster",1155,51.49206037,-0.132224622,True,False,1279714740000.0,,False,21,20,1,0,22
248,268,"Belgrave Road, Victoria",1087,51.49320445,-0.144132875,True,False,1279714920000.0,,False,3,3,0,25,29
249,269,"Empire Square, The Borough",1209,51.50082346,-0.089740764,True,False,1279715100000.0,,False,41,39,2,3,46
250,271,"London Zoo,  The Regent's Park",1136,51.53583617,-0.156285395,True,False,1279720920000.0,,False,15,13,2,14,32
251,272,"Baylis Road, Waterloo",1133,51.50144456,-0.110699309,True,False,1279721220000.0,,False,7,7,0,14,22
252,273,"Belvedere Road 1, South Bank",1186,51.50613324,-0.114686385,True,False,1279721400000.0,,False,28,28,0,6,38
253,274,"Warwick Road, Olympia",1134,51.49671237,-0.20528437,True,False,1279721580000.0,,False,12,11,1,9,36
254,275,"Barbican Centre, Barbican",1191,51.52004497,-0.092176447,True,False,1279721880000.0,,False,0,0,0,18,19
255,276,"Lower Thames Street, Monument",1098,51.50930161,-0.084985356,True,False,1279723200000.0,,False,0,0,0,21,24
256,277,"Kensington Church Street, Kensington",1143,51.50315739,-0.191496313,True,False,1279723320000.0,,False,3,2,1,11,17
257,278,"Tooley Street, Bermondsey",1142,51.5034938,-0.07962099,True,False,1279723500000.0,,False,0,0,0,24,27
258,279,"North Wharf Road, Paddington",1108,51.518623,-0.176603,True,False,1279723740000.0,,False,9,6,3,11,23
259,280,"Royal Avenue 2, Chelsea",3462,51.490083,-0.162418,True,False,1279726440000.0,,False,2,2,0,8,10
260,281,"Smith Square, Westminster",3480,51.49580589,-0.127575233,True,False,1279726620000.0,,False,0,0,0,18,18
261,282,"Royal London Hospital, Whitechapel",1077,51.518675,-0.06111,True,False,1279726980000.0,,False,0,0,0,29,42
262,283,"Kingsway, Covent Garden",1141,51.51440928,-0.118478757,True,False,1279727220000.0,,False,0,0,0,15,16
263,284,"Lambeth North Station, Waterloo",1117,51.49914063,-0.112031483,True,False,1279727580000.0,,False,9,8,1,9,20
264,286,"St. John's Wood Road, St. John's Wood",1187,51.5272947,-0.174653609,True,False,1279727880000.0,,False,18,17,1,14,35
265,287,"Bedford Way, Bloomsbury",1156,51.52367314,-0.128377673,True,False,1279728060000.0,,False,2,2,0,18,23
266,288,"Elizabeth Bridge, Victoria",1138,51.49236962,-0.147478734,True,False,1279793820000.0,,False,11,10,1,21,34
267,289,"South Audley Street, Mayfair",3493,51.50923,-0.1512899999999888,True,False,1279794060000.0,,False,0,0,0,13,15
268,290,"St Mary's Hospital, Paddington",3496,51.518268,-0.17110323,True,False,1279795140000.0,,False,14,12,2,1,20
269,291,"Claverton Street, Pimlico",1135,51.48483991,-0.138089062,True,False,1279800420000.0,,False,28,26,2,1,32
270,292,"Montpelier Street, Knightsbridge",1206,51.49888404,-0.165471605,True,False,1279800600000.0,,False,0,0,0,13,16
271,293,"Kensington Olympia Station, Olympia",1214,51.49815779,-0.209494128,True,False,1279800780000.0,,False,7,7,0,14,25
272,294,"St. George's Square, Pimlico",1195,51.488226,-0.135635511,True,False,1279800900000.0,,False,16,9,7,0,16
273,295,"Swan Street, The Borough",1216,51.50029631,-0.092762704,True,False,1279801080000.0,,False,1,0,1,22,27
274,296,"Knaresborough Place, Earl's Court",200069,51.49363156,-0.190603326,True,False,1377258960000.0,,False,15,11,4,0,18
275,297,"Geraldine Street, Elephant & Castle",3498,51.49612799,-0.106000855,True,False,1279801560000.0,,False,5,5,0,11,17
276,298,"Curlew Street, Shad Thames",1213,51.50227992,-0.074189225,True,False,1279805640000.0,,False,16,14,2,3,21
277,299,"Vincent Square, Westminster",1196,51.49398524,-0.136928582,True,False,1279808160000.0,,False,2,2,0,17,19
278,300,"Serpentine Car Park, Hyde Park",1217,51.505014,-0.17306032,True,False,1279808700000.0,,False,1,1,0,11,18
279,301,"Marylebone Lane, Marylebone",1152,51.51475963,-0.148105415,True,False,1279809000000.0,,False,0,0,0,22,24
280,302,"Putney Pier, Wandsworth",3492,51.466907,-0.216573,True,False,1279812360000.0,,False,27,26,1,0,28
281,303,"Albert Gate, Hyde Park",1132,51.50295379,-0.158456089,True,False,1279812720000.0,,False,0,0,0,24,34
282,306,"Rathbone Street, Fitzrovia",3497,51.51816295,-0.135025698,True,False,1279816260000.0,,False,0,0,0,15,16
283,307,"Black Lion Gate, Kensington Gardens",1157,51.50990837,-0.187842717,True,False,1279816500000.0,,False,14,13,1,1,24
284,308,"Long Lane , Bermondsey",1189,51.49907558,-0.085666316,True,False,1279816740000.0,,False,12,11,1,6,20
285,309,"Embankment (Savoy), Strand",1192,51.50963123,-0.119047563,True,False,1279875060000.0,,False,0,0,0,41,41
286,310,"Black Prince Road, Vauxhall",1205,51.4908679,-0.116911864,True,False,1279879560000.0,,False,16,11,5,2,19
287,311,"Foley Street, Fitzrovia",3494,51.51918144,-0.140485596,True,False,1279880100000.0,,False,0,0,0,24,24
288,312,"Grove End Road, St. John's Wood",1130,51.53088935,-0.176770502,True,False,1279880340000.0,,False,15,9,6,2,20
289,313,"Wells Street, Fitzrovia",3495,51.51734403,-0.138072691,True,False,1279880520000.0,,False,0,0,0,34,38
290,314,"Tyers Gate, Bermondsey",3485,51.50088934,-0.083159352,True,False,1279884480000.0,,False,25,25,0,7,36
291,315,"The Tennis Courts, The Regent's Park",1199,51.52536703,-0.153463612,True,False,1279884660000.0,,False,6,6,0,10,16
292,316,"Warwick Row, Westminster",968,51.497998,-0.14296064,True,False,1279884840000.0,1539845760000.0,False,0,0,0,17,21
293,317,"Dickens Square, Borough",1208,51.49679128,-0.093913472,True,False,1279885080000.0,,False,12,11,1,17,32
294,318,"Sackville Street, Mayfair",1197,51.51004801,-0.138846453,True,False,1279885320000.0,,False,0,0,0,17,18
295,319,"Baldwin Street, St. Luke's",3500,51.52702563,-0.088542771,True,False,1279890360000.0,,False,1,0,1,18,21
296,320,"Queen Mother Sports Centre, Victoria",1148,51.49357351,-0.139956043,True,False,1279890840000.0,,False,7,7,0,18,26
297,321,"Bermondsey Street, Bermondsey",2637,51.49785559,-0.081608045,True,False,1279891020000.0,,False,13,13,0,8,24
298,322,"Palissy Street, Shoreditch",3502,51.526293,-0.073955,True,False,1279891920000.0,,False,6,5,1,18,26
299,323,"Clifton Street, Shoreditch",3501,51.523196,-0.083067,True,False,1279892040000.0,,True,0,0,0,23,24
300,326,"Graham Street, Angel",1131,51.53266186,-0.099981142,True,False,1279896840000.0,,False,19,18,1,1,26
301,327,"Westbourne Green, Westbourne",1128,51.522168,-0.1928141999999866,True,False,1280133420000.0,,False,11,8,3,7,21
302,328,"New North Road 2, Hoxton",2641,51.53114,-0.086016,True,False,1280133540000.0,,False,6,5,1,15,22
303,329,"Prince Albert Road, The Regent's Park",2636,51.53589283,-0.160854428,True,False,1280133720000.0,,False,6,3,3,15,24
304,330,"Eastbourne Mews, Paddington",1203,51.51641749,-0.179135079,True,False,1280141280000.0,,False,10,10,0,11,34
305,331,"Bunhill Row, Moorgate",1211,51.52085887,-0.089887855,True,False,1280141460000.0,,False,0,0,0,28,30
306,332,"Nevern Place, Earl's Court",1210,51.49334336,-0.194757949,True,False,1280142360000.0,,False,0,0,0,17,20
307,333,"Palace Gardens Terrace, Notting Hill",2633,51.50860544,-0.193764092,True,False,1280142540000.0,,False,8,7,1,22,37
308,334,"Agar Grove, Camden Town",2635,51.542891,-0.132253999999989,True,False,1280147580000.0,,False,3,1,2,14,18
309,335,"Tavistock Street, Covent Garden",1207,51.51196803,-0.120718759,True,False,1280152560000.0,,False,0,0,0,31,33
310,336,"Concert Hall Approach, South Bank",1212,51.504841,-0.1151532000000088,True,False,1280152800000.0,,False,10,9,1,16,30
311,337,"Pembridge Villas, Notting Hill",2589,51.51108452,-0.197524944,True,False,1280153100000.0,,False,1,1,0,14,16
312,338,"Wellington Street , Strand",1202,51.51175646,-0.119643424,True,False,1280158740000.0,,False,0,0,0,18,24
313,340,"Bank of England Museum, Bank",1201,51.51444134,-0.087587447,True,False,1280248620000.0,,False,0,0,0,12,16
314,341,"Craven Street, Strand",1160,51.50810309,-0.12602103,True,False,1280222160000.0,,False,0,0,0,20,23
315,344,"Goswell Road (City Uni), Finsbury",1222,51.528246,-0.10102611,True,False,1280226120000.0,,False,13,10,3,1,16
316,345,"Flood Street, Chelsea",1218,51.48802358,-0.166878535,True,False,1280229720000.0,,False,10,9,1,20,33
317,348,"Grosvenor Square, Mayfair",10627,51.51217033,-0.150481272,True,False,1284540540000.0,,False,0,0,0,14,17
318,349,"St. George Street, Mayfair",1221,51.51196,-0.142783033,True,False,1284543120000.0,,False,0,0,0,13,18
319,350,"Queen's Gate, Kensington Gardens",1231,51.5017154373867,-0.1798541843891,True,False,1285756260000.0,,False,0,0,0,12,21
320,351,"Macclesfield Rd, St Lukes",1226,51.529423,-0.097122,True,False,1286790480000.0,,False,22,21,1,2,28
321,352,"Vauxhall Street, Vauxhall",1224,51.486965,-0.116625,True,False,1286796360000.0,,False,13,13,0,1,19
322,353,"Greycoat Street , Westminster",10623,51.49459148,-0.134234258,True,False,1287652080000.0,,False,3,3,0,11,17
323,354,"Northumberland Avenue, Strand",1097,51.506767,-0.123702,True,False,,,False,0,0,0,36,37
324,355,"Clapham Common Station, Clapham Common",2694,51.461388,-0.13922146,True,False,1287752460000.0,,False,13,10,3,4,21
325,356,"South Kensington Station, South Kensington",2685,51.494412,-0.173881,True,False,1288009080000.0,,False,0,0,0,9,15
326,357,"Howland Street, Fitzrovia",2691,51.520994,-0.139016,True,False,1288092420000.0,,False,1,1,0,24,30
327,358,"High Holborn , Covent Garden",1229,51.516398,-0.124257,True,False,1290079860000.0,,False,0,0,0,20,20
328,359,"Butler Place, Westminster",2662,51.49782999,-0.135440826,True,False,1288950960000.0,,False,0,0,0,18,18
329,360,"Howick Place, Westminster",2666,51.49675303,-0.138733562,True,False,1288958160000.0,,False,1,1,0,23,27
330,361,"Waterloo Station 2, Waterloo",2692,51.50391973,-0.11342629,True,False,1291902600000.0,,False,46,23,23,6,55
331,362,"Royal College Street, Camden Town",2686,51.536264,-0.133952,True,False,1290080220000.0,,False,12,11,1,38,57
332,363,"Lord's, St. John's Wood",2665,51.5291212008901,-0.171185284853,True,False,1289911800000.0,,False,17,16,1,4,24
333,364,"Store Street, Bloomsbury",3507,51.519572,-0.13214036,True,False,1290080640000.0,,False,0,0,0,27,32
334,365,"City Road, Angel",2690,51.530344,-0.100168,True,False,1290603600000.0,,False,39,37,2,0,47
335,366,"Millennium Hotel, Mayfair",1230,51.5109192966489,-0.1511263847351,True,False,1290686880000.0,,False,0,0,0,25,27
336,367,"Harrowby Street, Marylebone",2680,51.5173721,-0.1642075,True,False,,,False,1,1,0,14,16
337,370,"Paddington Green, Paddington",2670,51.520205,-0.174593,True,False,1291647300000.0,,False,14,9,5,5,20
338,371,"King Edward Walk, Waterloo",2639,51.49775,-0.10988,True,False,1291712820000.0,,False,1,1,0,20,22
339,372,"Sardinia Street, Holborn",2649,51.515208,-0.117863,True,False,1291713000000.0,,False,0,0,0,24,24
340,373,"Prince Consort Road, Knightsbridge",3499,51.49980661,-0.176415994,True,False,1295428320000.0,,False,0,0,0,17,18
341,374,"Waterloo Station 1, Waterloo",2696,51.50402794,-0.11386436,True,False,1291725720000.0,,False,19,19,0,9,36
342,375,"Kensington Town Hall, Kensington",10632,51.50194596,-0.194392952,True,False,1291805820000.0,,False,1,1,0,17,18
343,376,"Millbank Tower, Pimlico",2683,51.49188409,-0.125674815,True,False,1294660980000.0,,False,0,0,0,21,24
344,377,"Waterloo Bridge, South Bank",2648,51.50535447,-0.113656543,True,False,1295265420000.0,,False,7,7,0,8,15
345,378,"Natural History Museum, South Kensington",2677,51.49559291,-0.179077626,True,False,1296121500000.0,,False,0,0,0,42,42
346,379,"Turquoise Island, Notting Hill",2682,51.51431171,-0.200838199,True,False,1296121680000.0,,False,8,4,4,8,21
347,380,"Stanhope Gate, Mayfair",3506,51.50686435,-0.150666888,True,False,1296125400000.0,,False,0,0,0,20,21
348,381,"Charlotte Street, Fitzrovia",2669,51.51953043,-0.13577731,True,False,1296203760000.0,,False,0,0,0,10,14
349,382,"Farm Street, Mayfair",2678,51.50935171,-0.14744969,True,False,1297159320000.0,,False,0,0,0,14,15
350,383,"Frith Street, Soho",2660,51.51310333,-0.13121385,True,False,1296649200000.0,,False,0,0,0,16,18
351,384,"Marloes Road, Kensington",3505,51.496481,-0.192404,True,False,1296731880000.0,,False,12,7,5,1,15
352,386,"Moor Street, Soho",3504,51.51352755,-0.130110822,True,False,1296732540000.0,,False,1,1,0,12,16
353,387,"Fire Brigade Pier, Vauxhall",2703,51.49369988,-0.121394101,True,False,1297077540000.0,,False,1,0,1,22,30
354,388,"Southampton Street, Strand",1228,51.51070161,-0.121723604,True,False,1297182180000.0,,False,0,0,0,13,14
355,389,"Upper Grosvenor Street, Mayfair",10621,51.51013066,-0.155757901,True,False,1297347960000.0,,False,0,0,0,15,18
356,390,"Buxton Street 1, Shoreditch",1223,51.521776,-0.068856,True,False,1297764360000.0,,False,14,13,1,26,41
357,391,"Clifford Street, Mayfair",2688,51.51066202,-0.142345694,True,False,1297956480000.0,1539846000000.0,False,0,0,0,13,17
358,392,"Imperial College, Knightsbridge",1220,51.49942855,-0.179702476,True,False,1297958700000.0,,False,0,0,0,28,33
359,393,"Snow Hill, Farringdon",2699,51.51733427,-0.103604248,True,False,1298545440000.0,,False,0,0,0,14,15
360,394,"Aberdeen Place, St. John's Wood",2698,51.524826,-0.176268,True,False,,,False,0,0,0,17,18
361,395,"Cadogan Gardens, Chelsea",2695,51.492462,-0.159919,True,False,1298908800000.0,,False,1,1,0,12,15
362,396,"Shouldham Street, Marylebone",2693,51.51809,-0.163609,True,False,1299075120000.0,,False,7,5,2,8,16
363,397,"Devonshire Terrace, Bayswater",1227,51.51348,-0.17977,True,False,1299075900000.0,,False,13,8,5,0,16
364,398,"Holland Park, Kensington",10631,51.502319,-0.200742,True,False,1299076440000.0,,False,0,0,0,28,30
365,399,"Brick Lane Market, Shoreditch",2687,51.52261762,-0.071653961,True,False,1299582900000.0,,False,3,2,1,17,24
366,400,"George Street, Marylebone",1225,51.517703,-0.154106,True,False,1299583260000.0,,False,0,0,0,24,27
367,401,"Columbia Road, Shoreditch",2701,51.528187,-0.075375,True,False,1299592500000.0,,False,1,1,0,20,24
368,402,"Penfold Street, Marylebone",10625,51.52289229,-0.171681991,True,False,1299592860000.0,,False,10,8,2,2,15
369,404,"Palace Gate, Kensington Gardens",1110,51.50204238,-0.184400221,True,False,1299669180000.0,,False,2,2,0,8,13
370,405,"Gloucester Road Station, South Kensington",1107,51.49418566,-0.18267094,True,False,1299669300000.0,,False,0,0,0,8,15
371,408,"Sun Street, Liverpool Street",1129,51.520009,-0.083935724,True,False,,,False,0,0,0,20,24
372,409,"Strata, Elephant & Castle",10624,51.493146,-0.099828,True,False,,,False,26,24,2,12,41
373,410,"Orchard Place, Blackwall Tunnel",1058,51.510212,0.0049799999999891,True,False,,,False,7,6,1,14,24
374,411,"Rotherhithe Roundabout, Rotherhithe",10629,51.499169,-0.055846029,True,False,,,False,18,16,2,0,19
375,412,"Cleaver Street, Kennington",10628,51.488105,-0.110121,True,False,1302006180000.0,,False,11,9,2,4,17
376,419,"Chelsea Bridge, Pimlico",22160,51.485821,-0.149004,True,False,1308735300000.0,,False,5,5,0,10,15
377,423,"Eaton Square (South), Belgravia",22164,51.49456127,-0.15393398,True,False,1309860240000.0,,True,0,0,0,30,31
378,424,"Ebury Bridge, Pimlico",22159,51.490491,-0.149186,True,False,1324551120000.0,,False,5,4,1,22,29
379,425,"Camley Street, Camden Town",22181,51.53792,-0.1305299999999931,True,False,1310028420000.0,,False,16,11,5,1,18
380,426,"Vincent Street, Pimlico",22161,51.493072,-0.129925,True,False,1310463720000.0,,False,6,6,0,8,17
381,427,"Cheapside, Bank",22180,51.51397065,-0.09294031,True,False,1310725680000.0,,False,0,0,0,38,43
382,428,"Exhibition Road, Knightsbridge",22179,51.499917,-0.174554,True,False,1318496100000.0,,False,0,0,0,16,20
383,430,"South Parade, Chelsea",22182,51.48902,-0.17524,True,False,1324549980000.0,,False,1,1,0,12,18
384,431,"Crinan Street, King's Cross",22183,51.534474,-0.122203,True,False,1323355020000.0,,False,4,4,0,15,20
385,432,"Exhibition Road Museums 1, South Kensington",22158,51.496468,-0.17379696,True,False,1319448720000.0,,False,0,0,0,12,13
386,433,"Wren Street, Holborn",22169,51.524564,-0.116279,True,False,1323361560000.0,,False,8,7,1,22,33
387,435,"Kennington Station, Kennington",22170,51.488852,-0.105593,True,False,1323346020000.0,,False,10,10,0,12,23
388,436,"Red Lion Street, Holborn",22171,51.51824,-0.11655,True,False,1323350220000.0,,False,0,0,0,35,36
389,437,"Vauxhall Walk, Vauxhall",200056,51.488124,-0.120903,True,False,1325746380000.0,,False,10,10,0,17,27
390,439,"Killick Street, King's Cross",200053,51.5338,-0.118677,True,False,1325705460000.0,,False,5,5,0,17,22
391,440,"Kennington Oval, Oval",200032,51.483145,-0.113134,True,False,,,False,11,11,0,21,33
392,441,"Sail Street, Vauxhall",200039,51.495656,-0.114605,True,False,1325711220000.0,,False,9,7,2,15,24
393,442,"Walmer Road, Avondale",200035,51.510101,-0.211358,True,False,1325940420000.0,,False,10,9,1,14,24
394,443,"Philpot Street, Whitechapel",200033,51.515256,-0.058641,True,False,1325941800000.0,,False,13,12,1,15,30
395,444,"Bethnal Green Garden, Bethnal Green",200047,51.52568,-0.055312,True,False,1325944680000.0,,False,13,12,1,11,24
396,445,"Cheshire Street, Bethnal Green",200003,51.52388,-0.065076,True,False,1325945820000.0,,False,10,10,0,17,28
397,446,"York Hall, Bethnal Green",200042,51.528936,-0.055894,True,False,1325948880000.0,,False,9,7,2,16,27
398,447,"Jubilee Crescent, Cubitt Town",200054,51.493381,-0.007542,True,False,1325949000000.0,,False,15,13,2,38,54
399,448,"Fisherman's Walk West, Canary Wharf",22165,51.50623,-0.02296,True,False,1325952660000.0,,False,11,8,3,17,36
400,449,"Shadwell Station, Shadwell",200020,51.511088,-0.057159,True,False,1325952900000.0,,False,20,16,4,13,35
401,450,"Jubilee Street, Stepney",200002,51.515975,-0.053177,True,False,1326105240000.0,,False,11,6,5,16,28
402,451,"Hermitage Court, Wapping",200021,51.504719,-0.063531,True,False,1325501400000.0,,False,14,11,3,0,16
403,452,"St. Katharine's Way, Tower",200049,51.505697,-0.070542,True,False,1326109140000.0,,False,24,22,2,0,24
404,453,"Garnet Street, Shadwell",200045,51.508447,-0.055167,True,False,1326111060000.0,,False,7,5,2,15,24
405,454,"Napier Avenue, Millwall",200046,51.487679,-0.021582,True,False,1326115380000.0,,False,6,5,1,14,20
406,455,"East Ferry Road, Cubitt Town",200031,51.49447,-0.014409,True,False,1326117780000.0,,False,15,15,0,1,17
407,456,"Albert Street, Camden Town",200118,51.537706,-0.1448019000000044,True,False,1326197580000.0,,False,10,5,5,16,26
408,457,"Castlehaven Road, Camden Town",200016,51.542138,-0.145393,True,False,1326203280000.0,,False,23,22,1,2,29
409,458,"Wapping Lane, Wapping",200034,51.504749,-0.057544,True,False,1326294780000.0,,False,24,21,3,3,28
410,459,"Gunmakers Lane, Old Ford",200014,51.535179,-0.03338,True,False,,,False,5,5,0,11,17
411,460,"Burdett Road, Mile End",200123,51.516196,-0.029138,True,False,1326284820000.0,,False,28,27,1,0,33
412,461,"Aston Street, Stepney",200013,51.516,-0.038775,True,False,1326293640000.0,,True,18,15,3,7,26
413,462,"Bonny Street, Camden Town",200105,51.541603,-0.138853,True,False,1326294600000.0,,False,37,31,6,1,45
414,463,"Thurtle Road, Haggerston",200093,51.534776,-0.071881,True,False,,,False,7,3,4,13,22
415,464,"St. Mary & St. Michael Church, Stepney",200082,51.51417,-0.052099,True,False,1326304980000.0,,False,3,3,0,22,25
416,465,"Pitfield Street North,Hoxton",200152,51.53558,-0.08249,True,False,1333613280000.0,,False,22,17,5,5,28
417,466,"Whiston Road, Haggerston",200158,51.534464,-0.076341,True,False,1326360000000.0,,False,15,13,2,4,21
418,467,"Southern Grove, Bow",200168,51.523538,-0.030556,True,False,1326374040000.0,,False,0,0,0,17,17
419,468,"Cantrell Road, Bow",200150,51.521564,-0.022694,True,False,1326375720000.0,,False,5,4,1,16,24
420,469,"Lindfield Street, Poplar",22178,51.513757,-0.020467,True,False,1326381060000.0,,False,36,35,1,0,44
421,470,"Mostyn Grove, Bow",200174,51.530535,-0.025492,True,False,1326790620000.0,,False,24,17,7,22,46
422,471,"Hewison Street, Old Ford",200006,51.533283,-0.028155,True,False,1326790860000.0,,False,15,10,5,4,19
423,472,"Malmesbury Road, Bow",200019,51.529452,-0.027616,True,False,1326791160000.0,,False,2,2,0,18,21
424,473,"Millharbour, Millwall",22167,51.496137,-0.019355,True,False,1326816540000.0,,False,14,10,4,2,19
425,474,"Gascoyne Road, Victoria Park",200155,51.541515,-0.038557746,True,False,1326822960000.0,,False,17,10,7,1,20
426,475,"Lightermans Road, Millwall",200004,51.499041,-0.020157,True,False,1326825480000.0,,False,27,24,3,1,31
427,476,"Stebondale Street, Cubitt Town",200009,51.489096,-0.009205,True,False,1326962100000.0,,False,12,8,4,14,29
428,477,"Spindrift Avenue, Millwall",200018,51.49109,-0.018716,True,False,1326963780000.0,,False,25,23,2,9,36
429,478,"Stepney Green Station, Stepney",200012,51.521889,-0.04667,True,False,1326965580000.0,,False,17,14,3,0,21
430,479,"Pott Street, Bethnal Green",200156,51.527152,-0.058005,True,False,1326966240000.0,,False,14,12,2,4,20
431,480,"Flamborough Street, Limehouse",200115,51.5128711,-0.0389866,True,False,1326975420000.0,,False,5,2,3,17,25
432,481,"Saunders Ness Road, Cubitt Town",200022,51.487129,-0.0090011,True,False,1326996480000.0,,False,20,20,0,10,35
433,482,"Exhibition Road Museums 2, South Kensington",200052,51.495947,-0.17368958,True,False,1326996720000.0,,False,0,0,0,13,14
434,483,"Albert Gardens, Stepney",22166,51.51328,-0.047784,True,False,1327088280000.0,,False,19,17,2,11,33
435,484,"Bromley High Street, Bow",22172,51.528828,-0.013258,True,False,1327339740000.0,,False,24,22,2,0,24
436,485,"Old Ford Road, Bethnal Green",22173,51.531127,-0.048017,True,False,1327255440000.0,,False,7,5,2,16,24
437,486,"Granby Street, Shoreditch",22174,51.525645,-0.069543,True,False,1327338660000.0,,False,20,19,1,12,37
438,487,"Canton Street, Poplar",22175,51.511811,-0.025626,True,False,1327936860000.0,,False,13,10,3,5,23
439,488,"Reardon Street, Wapping",22176,51.506946,-0.058681,True,False,1327254960000.0,,False,14,12,2,4,22
440,489,"Christian Street, Whitechapel",22177,51.513074,-0.064094,True,False,1327087920000.0,,False,15,14,1,15,34
441,490,"Pennington Street, Wapping",200090,51.508622,-0.065006,True,False,,,False,22,19,3,17,45
442,491,"Queen Mary's, Mile End",200249,51.522507,-0.041378,True,False,1327256220000.0,,False,22,19,3,21,45
443,494,"South Quay East, Canary Wharf",200233,51.50196,-0.016251,True,False,1327433220000.0,,False,33,33,0,1,36
444,495,"Bow Church Station, Bow",200252,51.528169,-0.018703,True,False,1327340460000.0,,False,13,9,4,24,39
445,496,"Devons Road, Bow",200255,51.52512,-0.015578,True,False,1327400820000.0,,False,34,23,11,3,39
446,497,"Merchant Street, Bow",200242,51.526578,-0.027581,True,False,1327398420000.0,,False,4,2,2,21,27
447,498,"Bow Road Station, Bow",200251,51.527058,-0.025296,True,False,1327398660000.0,,False,8,4,4,32,42
448,499,"Furze Green, Bow",200011,51.519265,-0.021345,True,False,1327407960000.0,,False,21,15,6,12,36
449,500,"Ansell House, Stepney",200148,51.520019,-0.05438,True,False,1327430040000.0,,False,2,2,0,36,41
450,501,"Cephas Street, Bethnal Green",200073,51.522561,-0.054883,True,False,1327430220000.0,,False,18,17,1,5,24
451,502,"Bonner Gate, Victoria Park",200241,51.53341,-0.049591815,True,False,1563957840000.0,,False,16,12,4,3,21
452,503,"Cleveland Way, Stepney",200250,51.520893,-0.051394,True,False,1327492920000.0,,False,8,5,3,26,36
453,504,"St. John's Park, Cubitt Town",200243,51.496454,-0.009506,True,False,1327937820000.0,,False,22,18,4,4,30
454,505,"Ackroyd Drive, Bow",200038,51.520398,-0.026768,True,False,1327937460000.0,,False,26,18,8,1,29
455,506,"Bell Lane, Liverpool Street",200036,51.517475,-0.075855,True,False,1327938660000.0,,False,0,0,0,20,23
456,507,"Clarkson Street, Bethnal Green",200131,51.528692,-0.059091,True,False,1327938420000.0,,False,15,13,2,14,31
457,508,"Fournier Street, Whitechapel",200157,51.519362,-0.074431,True,False,1327938180000.0,,False,0,0,0,15,18
458,509,"Fore Street Avenue, Guildhall",200253,51.517842,-0.090075,True,False,1327938120000.0,,False,0,0,0,15,19
459,510,"Westferry DLR, Limehouse",200238,51.509303,-0.025996,True,False,,,False,33,32,1,4,41
460,511,"Sutton Street, Shadwell",200256,51.511066,-0.053558,True,False,1327937940000.0,,False,13,10,3,17,33
461,513,"Watney Market, Stepney",200162,51.5142228,-0.055656,True,False,,,False,9,7,2,39,51
462,514,"Portman Square, Marylebone",200008,51.516204,-0.155525,True,False,1328201520000.0,,False,0,0,0,17,17
463,515,"Russell Gardens, Olympia",200080,51.500088,-0.211316,True,False,,,False,8,7,1,14,24
464,516,"Chrisp Street Market, Poplar",200089,51.5112,-0.014438,True,False,1328202420000.0,,False,13,7,6,0,18
465,517,"Ford Road, Old Ford",200027,51.532513,-0.033085,True,False,1326790860000.0,,False,9,5,4,8,18
466,518,"Antill Road, Mile End",200041,51.528224,-0.037471,True,False,,,False,10,10,0,18,30
467,519,"Teviot Street, Poplar",200254,51.518811,-0.011662,True,False,,,False,29,29,0,3,33
468,520,"Bancroft Road, Bethnal Green",200234,51.526041,-0.047218,True,False,,,False,14,14,0,5,21
469,521,"Driffield Road, Old Ford",200030,51.534137,-0.037366,True,False,,,False,15,11,4,2,19
470,522,"Clinton Road, Mile End",200161,51.525941,-0.036017,True,False,,,False,29,27,2,6,36
471,523,"Langdon Park, Poplar",200160,51.51549,-0.013475,True,False,,,False,16,15,1,7,24
472,524,"Lancaster Gate , Bayswater",200017,51.511654,-0.179668,True,False,1328515080000.0,,False,20,19,1,7,38
473,525,"Blythe Road, Olympia",200153,51.496927,-0.21350087,True,False,1643301180000.0,,False,10,9,1,11,24
474,526,"Lancaster Drive, Blackwall",200143,51.503143,-0.008428,True,False,,,False,10,4,6,16,27
475,527,"Hansard Mews, Holland Park",200154,51.503802,-0.215808,True,False,1328777280000.0,,False,16,13,3,2,20
476,528,"Clarges Street, Mayfair",200088,51.507326,-0.145827,True,False,1328777880000.0,,False,0,0,0,16,16
477,529,"Manresa Road, Chelsea",200010,51.486892,-0.170983,True,False,,,False,9,8,1,5,18
478,530,"Newby Place, Poplar",200146,51.508896,-0.012413,True,False,,,False,16,13,3,0,18
479,531,"Twig Folly Bridge, Mile End",200167,51.530326,-0.042744,True,False,1328778840000.0,,False,6,4,2,11,21
480,532,"Jubilee Plaza, Canary Wharf",200163,51.5034,-0.0202423000000067,True,False,1328886360000.0,,False,27,26,1,32,63
481,533,"Wellington Row, Bethnal Green",200165,51.528222,-0.069743,True,False,,,False,6,5,1,25,33
482,534,"Goldsmith's Row, Haggerston",200159,51.531864,-0.066035,True,False,,,False,9,7,2,17,27
483,536,"Queensbridge Road, Haggerston",200024,51.53385,-0.06992,True,False,,,False,4,4,0,31,35
484,537,"Old Montague Street, Whitechapel",200239,51.51793,-0.067937,True,False,1330352880000.0,,False,10,9,1,4,18
485,538,"Naval Row, Blackwall",200050,51.508981,-0.00699,True,False,,,False,21,18,3,0,21
486,539,"Hoxton Station, Hoxton",200151,51.531091,-0.075901,True,False,,,False,10,9,1,10,22
487,541,"Green Park Station, Mayfair",200096,51.506613,-0.142844,True,False,,,False,1,0,1,19,28
488,542,"Salmon Lane, Limehouse",200147,51.514115,-0.033828,True,False,,,False,17,16,1,14,33
489,543,"Lansdowne Walk, Ladbroke Grove",200065,51.509591,-0.204666,True,False,,,False,8,7,1,12,21
490,544,"Percival Street, Finsbury",200051,51.526153,-0.102208,True,False,,,False,14,14,0,4,22
491,545,"Arlington Road, Camden Town",200070,51.539957,-0.145246,True,False,,,False,6,5,1,18,24
492,546,"New Fetter Lane, Holborn",200044,51.517428,-0.107987,True,False,,,False,0,0,0,19,21
493,547,"East India DLR, Blackwall",200127,51.509474,-0.002275,True,False,,,False,48,43,5,1,51
494,548,"Westminster Bridge Road, Elephant & Castle",200076,51.498386,-0.107913,True,False,,,False,9,8,1,17,26
495,549,"Gaywood  Street, Elephant & Castle",200132,51.49605,-0.104193,True,False,,,False,9,8,1,33,45
496,550,"Harford Street, Mile End",200102,51.521564,-0.039264,True,False,,,False,10,6,4,12,23
497,551,"Import Dock, Canary Wharf",200066,51.505772,-0.016460175,True,False,1330071720000.0,,False,9,9,0,22,39
498,552,"Watney Street, Shadwell",200149,51.511542,-0.056667,True,False,,,False,3,1,2,22,27
499,553,"Regent's Row , Haggerston",200064,51.535678,-0.062546,True,False,,,False,6,4,2,11,24
500,554,"Aberfeldy Street, Poplar",200078,51.513548,-0.005659,True,False,,,False,13,8,5,0,16
501,556,"Heron Quays DLR, Canary Wharf",200138,51.502661,-0.021596,True,False,,,False,17,14,3,8,27
502,557,"King Edward Street, St Pauls",200203,51.51601,-0.0985,True,False,,,False,0,0,0,16,20
503,558,"Page Street, Westminster",200048,51.493978,-0.127554,True,False,1399635120000.0,,False,0,0,0,24,24
504,559,"Abbotsbury Road, Holland Park",200111,51.501391,-0.205991,True,False,,,False,3,2,1,16,24
505,560,"Ladbroke Grove Central, Ladbroke Grove",200015,51.511624,-0.205921,True,False,,,False,3,3,0,18,21
506,561,"Rectory Square, Stepney",200037,51.518369,-0.043371,True,False,1330503540000.0,,False,14,11,3,6,22
507,562,"Bury Place, Holborn",200074,51.51742,-0.1231899999999939,True,False,1330503420000.0,,False,0,0,0,19,21
508,563,"Preston's Road, Cubitt Town",200232,51.499286,-0.009152,True,False,,,False,20,15,5,6,26
509,564,"Somerset House, Strand",200068,51.509943,-0.117619,True,False,,,False,0,0,0,36,41
510,565,"Selby Street, Whitechapel",200135,51.521905,-0.063386,True,False,,,False,16,15,1,0,17
511,568,"Bishop's Bridge Road West, Bayswater",200110,51.51616,-0.18697,True,False,,,False,13,12,1,0,18
512,569,"Pitfield Street Central, Hoxton",200248,51.53213,-0.08299,True,False,,,False,19,16,3,9,30
513,570,"Upper Bank Street, Canary Wharf",200099,51.503083,-0.017676,True,False,1330773180000.0,,False,8,7,1,23,36
514,571,"Westfield Southern Terrace ,Shepherd's Bush",200061,51.506256,-0.218337,True,False,1330620180000.0,,False,24,24,0,4,29
515,572,"Greenland Road, Camden Town",200026,51.539099,-0.141728,True,False,,,False,17,15,2,18,36
516,573,"Limerston Street, West Chelsea",200001,51.485587,-0.18119,True,False,1331796060000.0,,False,1,1,0,12,18
517,574,"Eagle Wharf Road, Hoxton",200246,51.53356,-0.09315,True,False,1333618560000.0,,False,39,36,3,0,45
518,576,"Alpha Grove, Millwall",200109,51.497304,-0.022793,True,False,,,False,17,16,1,3,23
519,577,"Globe Town Market, Bethnal Green",200247,51.528869,-0.047548,True,False,,,False,9,7,2,10,20
520,578,"Hollybush Gardens, Bethnal Green",200244,51.527607,-0.057133,True,False,1330444680000.0,,False,9,7,2,21,32
521,579,"Queen Street 2, Bank",200128,51.511246,-0.093051,True,False,,,False,0,0,0,27,36
522,580,"Doddington Grove, Kennington",200084,51.48692917,-0.102996299,True,False,1392208500000.0,,False,34,33,1,0,36
523,581,"New Cavendish Street, Marylebone",200005,51.519167,-0.147983,True,False,1331883540000.0,,False,0,0,0,13,18
524,583,"Abingdon Green, Westminster",200231,51.49764,-0.12597218,True,False,,,False,0,0,0,19,20
525,584,"Ilchester Gardens, Bayswater",200086,51.51244,-0.19096,True,False,,,False,14,11,3,4,21
526,586,"Mudchute DLR, Cubitt Town",200092,51.490645,-0.014582,True,False,1331797200000.0,,False,5,3,2,21,31
527,587,"Monument Street, Monument",200101,51.50964,-0.08497,True,False,1332406320000.0,,False,0,0,0,16,22
528,589,"Drayton Gardens, West Chelsea",200060,51.487196,-0.179369,True,False,,,False,4,3,1,8,18
529,590,"Greenberry Street, St.John's Wood",200236,51.53256,-0.16862,True,False,,,False,1,0,1,22,26
530,591,"Westfield Library Corner, Shepherd's Bush",200227,51.506093,-0.2242237,True,False,1330759800000.0,,False,16,14,2,4,27
531,592,"Bishop's Bridge Road East, Bayswater",200108,51.5171,-0.18377,True,False,,,False,12,10,2,3,20
532,593,"Northdown Street, King's Cross",200058,51.531066,-0.11934,True,False,,,False,17,15,2,4,21
533,594,"Kingsway Southbound, Strand",200226,51.513875,-0.117774,True,False,1331710680000.0,,False,0,0,0,32,33
534,595,"Hammersmith Road, Hammersmith",200142,51.493267,-0.21985,True,False,,,False,20,19,1,0,22
535,596,"Parson's Green , Parson's Green",200237,51.472817,-0.199783,True,False,,,False,15,15,0,4,21
536,597,"Fulham Park Road, Fulham",200229,51.473471,-0.20782,True,False,,,False,13,11,2,12,27
537,598,"Southerton Road, Hammersmith",200166,51.494499,-0.228188,True,False,1501544700000.0,,False,14,12,2,15,38
538,599,"Manbre Road, Hammersmith",200235,51.485743,-0.223616,True,False,,,False,9,9,0,18,28
539,600,"South Lambeth Road, Vauxhall",200133,51.481747,-0.124642,True,False,,,False,18,18,0,0,21
540,602,"Union Grove, Wandsworth Road",200211,51.472993,-0.133972,True,False,,,False,42,42,0,0,45
541,603,"Caldwell Street, Stockwell",200137,51.477839,-0.116493,True,False,,,False,36,34,2,6,44
542,604,"St Martins Close, Camden Town",200195,51.538792,-0.138535,True,False,,,False,9,9,0,8,18
543,605,"Seymour Place, Marylebone",200198,51.520331,-0.163667,True,False,,,False,24,19,5,2,29
544,606,"Addison Road, Holland Park",200218,51.504199,-0.210941,True,False,,,False,7,6,1,18,26
545,607,"Putney Bridge Station, Fulham",200125,51.468814,-0.210279,True,False,,,False,10,9,1,9,21
546,608,"Colet Gardens, Hammersmith",200224,51.491093,-0.216493,True,False,,,False,7,6,1,22,30
547,609,"Sugden Road, Clapham",200208,51.46512358,-0.157788279,True,False,1380109980000.0,,False,19,16,3,0,19
548,610,"Danvers Street, West Chelsea",200222,51.48256792,-0.172078187,True,False,1380113460000.0,,False,18,16,2,0,21
549,611,"Princedale Road , Holland Park",200067,51.50646524,-0.208486599,True,False,1380203940000.0,,False,9,6,3,9,20
550,612,"Wandsworth Rd, Isley Court, Wandsworth Road",200175,51.46925984,-0.141812513,True,False,1380294600000.0,,False,24,21,3,6,30
551,613,"Woodstock Grove, Shepherd's Bush",200214,51.50403821,-0.217400093,True,False,1380211860000.0,,False,10,9,1,8,24
552,615,"Finlay Street, Fulham",200029,51.4768851,-0.215895601,True,False,1380288900000.0,,False,12,6,6,10,24
553,616,"Aintree Street, Fulham",200098,51.48102131,-0.209973497,True,False,,,False,23,17,6,1,24
554,617,"Elysium Place, Fulham",200028,51.47107905,-0.207842908,True,False,1380531540000.0,,False,12,10,2,9,21
555,618,"Eel Brook Common, Walham Green",300003,51.47625965,-0.193254007,True,False,1380546540000.0,,False,21,20,1,0,24
556,619,"Irene Road, Parsons Green",300012,51.4737636,-0.197010096,True,False,1380552360000.0,,False,7,7,0,12,23
557,620,"Surrey Lane, Battersea",300010,51.47518024,-0.167160736,True,False,1380629040000.0,,False,14,10,4,10,26
558,621,"Wandsworth Town Station, Wandsworth",200091,51.46086446,-0.187427294,True,False,1380899280000.0,,False,31,29,2,1,33
559,622,"Lansdowne Road, Ladbroke Grove",200172,51.50748124,-0.205535908,True,False,1380901680000.0,,False,4,0,4,23,29
560,623,"Nantes Close, Wandsworth",200186,51.46193072,-0.180791784,True,False,1381135320000.0,,False,21,19,2,0,22
561,624,"Courland Grove, Wandsworth Road",200173,51.4729184,-0.132102704,True,False,1381224240000.0,,False,33,28,5,0,40
562,625,"Queen's Circus, Battersea Park",200190,51.47761941,-0.149551631,True,False,1381227480000.0,,False,20,18,2,3,28
563,626,"Normand Park, West Kensington",300008,51.48438657,-0.20481514,True,False,1381920300000.0,,False,19,19,0,0,24
564,627,"Holden Street, Battersea",200007,51.4687905,-0.158230901,True,False,1381931400000.0,,False,20,19,1,0,20
565,628,"William Morris Way, Sands End",200062,51.46881971,-0.184318843,True,False,1381414980000.0,,False,23,19,4,3,26
566,629,"Morie Street, Wandsworth",200187,51.45995384,-0.190184054,True,False,1381479480000.0,,False,25,22,3,0,28
567,630,"Clarence Walk, Stockwell",200194,51.47073264,-0.126994068,True,False,1381487100000.0,,False,26,21,5,0,28
568,631,"Battersea Park Road, Nine Elms",200183,51.4795017,-0.141770709,True,False,1381245300000.0,,False,24,20,4,1,27
569,632,"Sheepcote Lane, Battersea",200176,51.47053858,-0.163041605,True,False,1381220700000.0,,False,23,20,3,3,28
570,633,"Vereker Road, West Kensington",200116,51.48959104,-0.209378594,True,False,1381402920000.0,,False,21,17,4,11,32
571,634,"Brook Green South, Brook Green",300002,51.49434708,-0.215804559,True,False,1381743780000.0,,False,14,13,1,17,33
572,635,"Greyhound Road, Hammersmith",200215,51.48606206,-0.214428378,True,False,1381756440000.0,,False,18,15,3,16,37
573,636,"South Park, Sands End",200180,51.46706414,-0.193502076,True,False,1381846320000.0,,False,16,15,1,11,28
574,638,"Falcon Road, Clapham Junction",300014,51.46663393,-0.169821175,True,False,1381834020000.0,,False,25,23,2,0,28
575,640,"Silverthorne Road, Battersea",200179,51.47286577,-0.148059277,True,False,1382010420000.0,,False,27,26,1,0,28
576,641,"Archbishop's Park, Waterloo",300025,51.49824168,-0.117495865,True,False,1381926900000.0,,False,1,1,0,19,23
577,642,"Fawcett Close, Battersea",200192,51.46916161,-0.174485792,True,False,1381934220000.0,,False,25,24,1,5,30
578,643,"All Saints' Road, Portobello",300026,51.5190427,-0.204764421,True,False,1382010720000.0,,False,0,0,0,21,22
579,644,"Rainville Road, Hammersmith",200182,51.48373225,-0.223852256,True,False,1382278560000.0,,False,19,19,0,16,36
580,645,"Great Suffolk Street, The Borough",200200,51.50173215,-0.100292412,True,False,1382110800000.0,,False,7,6,1,13,21
581,646,"Buckingham Gate, Westminster",200178,51.49886563,-0.137424571,True,False,1382084340000.0,,False,0,0,0,14,16
582,647,"Richmond Way, Shepherd's Bush",200181,51.50035306,-0.217515071,True,False,1382347140000.0,,False,24,18,6,1,27
583,648,"Peterborough Road, Sands End",200171,51.46904022,-0.19627483,True,False,1382352840000.0,,False,18,18,0,0,20
584,649,"World's End Place, West Chelsea",300009,51.48180515,-0.18027465,True,False,1382348400000.0,,False,6,5,1,15,22
585,650,"St. Mark's Road, North Kensington",300034,51.51687069,-0.213872396,True,False,1382438520000.0,,False,16,12,4,4,21
586,651,"Thorndike Close, West Chelsea",300030,51.48089844,-0.183853573,True,False,1382441580000.0,,False,2,2,0,21,25
587,652,"Evesham Street, Avondale",300022,51.51148696,-0.218190203,True,False,1381848540000.0,,False,11,9,2,6,20
588,653,"Simpson Street, Clapham Junction",200196,51.47084722,-0.17070367,True,False,1382539860000.0,,False,24,17,7,0,25
589,654,"Ashmole Estate, Oval",200223,51.48267821,-0.117661574,True,False,1382520000000.0,,False,17,16,1,16,34
590,655,"Crabtree Lane, Fulham",200221,51.48294452,-0.219346128,True,False,1382611200000.0,,False,13,12,1,10,27
591,656,"Broomhouse Lane, Parsons Green",200040,51.46841875,-0.199135704,True,False,1382614560000.0,,False,24,23,1,5,29
592,657,"Blythe Road West, Shepherd's Bush",200220,51.49968,-0.221791551,True,False,1382621400000.0,,False,9,8,1,10,21
593,658,"Ethelburga Estate, Battersea Park",300005,51.47729232,-0.16478637,True,False,1383731100000.0,,False,23,23,0,4,30
594,659,"Blackfriars Station, St. Paul's",200212,51.511934,-0.10307894,True,False,1382697060000.0,,False,0,0,0,31,35
595,660,"West Kensington Station, West Kensington",300020,51.49087074,-0.206029743,True,False,1382705340000.0,,False,20,18,2,1,22
596,661,"All Saints Church, Portobello",300023,51.51632095,-0.202608612,True,False,1382887680000.0,,False,13,10,3,21,37
597,662,"Phene Street, Chelsea",200189,51.48498496,-0.167919869,True,False,1382866680000.0,,False,11,10,1,10,24
598,663,"Clarendon Road, Avondale",200124,51.51323001,-0.211593602,True,False,1382870040000.0,,False,7,6,1,16,24
599,664,"Austin Road, Battersea Park",300013,51.474376,-0.155442787,True,False,1382964300000.0,,False,23,21,2,0,24
600,665,"Smugglers Way, Wandsworth",200113,51.46108367,-0.191722864,True,False,1382975700000.0,,False,25,23,2,1,27
601,666,"Harris Academy, Bermondsey",300004,51.492668,-0.072350665,True,False,1383063480000.0,,False,17,13,4,0,18
602,667,"Shepherd's Bush Road North, Shepherd's Bush",200209,51.5015946,-0.222293381,True,False,1383136140000.0,,False,20,17,3,11,34
603,668,"Ravenscourt Park Station, Hammersmith",300037,51.49422354,-0.236769936,True,False,1383143160000.0,,False,20,20,0,0,26
604,669,"Teversham Lane, Stockwell",300036,51.47614939,-0.1232585,True,False,1383147660000.0,,False,23,21,2,14,39
605,670,"Ashley Crescent, Battersea",200169,51.46718562,-0.152248582,True,False,1383212640000.0,,False,25,22,3,0,28
606,671,"Parsons Green Station, Parsons Green",300052,51.475089,-0.201968,True,False,1383217920000.0,,False,14,13,1,40,56
607,672,"Chicheley Street, South Bank",200206,51.502698,-0.1167474,True,False,1383221460000.0,,False,13,13,0,9,24
608,673,"Hibbert Street, Battersea",300051,51.46517078,-0.18038939,True,False,1383319500000.0,,False,31,25,6,5,36
609,674,"Carnegie Street, King's Cross",300035,51.53546778,-0.11619105,True,False,,,False,38,32,6,2,40
610,675,"Usk Road, Clapham Junction",200126,51.46348914,-0.182126248,True,False,1383322320000.0,,False,27,22,5,1,30
611,676,"Hartington Road, Stockwell",200207,51.47787084,-0.126874471,True,False,1383584400000.0,,False,27,24,3,6,35
612,677,"Heath Road, Battersea",200023,51.46866929,-0.146544642,True,False,1383476160000.0,,False,25,23,2,0,27
613,678,"Esmond Street, Putney",200170,51.46231278,-0.211468596,True,False,1383653580000.0,,False,29,26,3,0,30
614,679,"Orbel Street, Battersea",200114,51.47453545,-0.170210533,True,False,1383661200000.0,,False,17,9,8,8,26
615,680,"Westbridge Road, Battersea",200210,51.47768469,-0.170329317,True,False,1383657480000.0,,False,18,13,5,8,28
616,681,"Bishop's Avenue, Fulham",200043,51.47303687,-0.214749808,True,False,1383733440000.0,,False,20,19,1,22,46
617,682,"Crisp Road, Hammersmith",200059,51.48810829,-0.22660621,True,False,1383738240000.0,,False,24,23,1,21,46
618,683,"Dorothy Road, Clapham Junction",200119,51.46506424,-0.163750945,True,False,1383750420000.0,,False,20,15,5,2,28
619,684,"Neville Gill Close, Wandsworth",200188,51.45475251,-0.195197203,True,False,1383823380000.0,,False,28,27,1,0,32
620,685,"Osiers Road, Wandsworth",200219,51.46067005,-0.198735357,True,False,1383827400000.0,,False,26,22,4,1,30
621,686,"Beryl Road, Hammersmith",200097,51.48814438,-0.222456468,True,False,1383835560000.0,,False,11,10,1,13,26
622,687,"Clements Road, Bermondsey",200216,51.4954,-0.061698585,True,False,1383838440000.0,,False,22,20,2,0,23
623,688,"Northfields, Wandsworth",200204,51.46095151,-0.20066766,True,False,1383915240000.0,,False,7,5,2,21,28
624,689,"Spanish Road, Clapham Junction",200106,51.45922541,-0.180884959,True,False,1383918180000.0,,False,29,24,5,0,30
625,690,"Stanley Grove, Battersea",200199,51.47047503,-0.152130083,True,False,1383924660000.0,,False,21,20,1,0,24
626,691,"Erin Close, Walham Green",200184,51.47946386,-0.195777222,True,False,1384763520000.0,,False,10,9,1,12,24
627,692,"Cadogan Close, Victoria Park",200112,51.54211855,-0.028941601,True,False,1384166220000.0,,False,11,9,2,10,22
628,693,"Felsham Road, Putney",300019,51.464786,-0.215618902,True,False,1384001160000.0,,False,13,11,2,3,18
629,694,"Putney Rail Station, Putney",300033,51.46071722,-0.216526155,True,False,1384004640000.0,,False,8,5,3,11,20
630,695,"Islington Green, Angel",300031,51.53638435,-0.102757578,True,False,1384172820000.0,,False,5,1,4,9,21
631,696,"Charing Cross Hospital, Hammersmith",300018,51.48728535,-0.217995921,True,False,1384180020000.0,,False,5,4,1,15,21
632,697,"Charlotte Terrace, Angel",200129,51.53639219,-0.112721065,True,False,1384251120000.0,,False,16,10,6,4,25
633,698,"Shoreditch Court, Haggerston",200121,51.53908372,-0.070329419,True,False,1384254300000.0,,False,7,4,3,28,35
634,699,"Belford House, Haggerston",200057,51.5366541,-0.07023031,True,False,1384256040000.0,,False,6,4,2,32,39
635,700,"Battersea Church Road, Battersea",200201,51.47696496,-0.174347066,True,False,1384343280000.0,,False,20,16,4,2,25
636,701,"Vicarage Crescent, Battersea",200077,51.47287627,-0.176267008,True,False,1384345080000.0,,False,15,12,3,9,30
637,702,"Durant Street, Bethnal Green",200213,51.52868155,-0.065550321,True,False,1384345860000.0,,False,10,9,1,14,24
638,703,"St. Bride Street, Holborn",200094,51.514665,-0.1045839999999884,True,False,1384357800000.0,,False,0,0,0,23,24
639,704,"Mexfield Road, East Putney",200063,51.45682071,-0.202802098,True,False,1384443480000.0,,False,7,4,3,10,18
640,705,"Upper Richmond Road, Putney",300042,51.45971528,-0.212145939,True,False,1384453020000.0,1539845700000.0,True,6,5,1,18,25
641,706,"Snowsfields, London Bridge",200193,51.50215353,-0.083632928,True,False,1384420920000.0,,False,13,13,0,16,31
642,707,"Barons Court Station, West Kensington",200197,51.49021762,-0.215087092,True,False,1384435680000.0,,False,6,5,1,26,32
643,708,"Disraeli Road, Putney",200217,51.4616107,-0.2161458,True,False,1384530180000.0,,False,27,25,2,4,33
644,709,"Montserrat Road , Putney",200205,51.46321128,-0.215550761,True,False,1384510140000.0,,False,23,20,3,0,23
645,710,"Albert Bridge Road, Battersea Park",300045,51.47439218,-0.163347594,True,False,1384520580000.0,,False,15,14,1,0,20
646,711,"Everington Street, Fulham",300028,51.48335692,-0.216305546,True,False,1384791540000.0,,False,6,4,2,24,31
647,712,"Mile End Stadium, Mile End",300056,51.51854104,-0.034903714,True,False,1384797120000.0,,False,7,6,1,11,22
648,713,"Hawley Crescent, Camden Town",200122,51.54100708,-0.14326094,True,False,1384774620000.0,,False,5,5,0,16,22
649,714,"Stewart's Road, Wandsworth Road",300055,51.47311696,-0.137235175,True,False,1384865400000.0,,False,16,14,2,5,28
650,715,"Aylward Street, Stepney",300049,51.51563007,-0.049067243,True,False,1384868460000.0,,False,10,6,4,11,22
651,716,"Stainsby Road , Poplar",300048,51.51542791,-0.02356501,True,False,1384873500000.0,,False,21,16,5,0,24
652,717,"Dunston Road , Haggerston",300024,51.53658514,-0.075885686,True,False,1384952400000.0,,False,19,13,6,22,43
653,718,"Ada Street, Hackney Central",300040,51.53571683,-0.060291813,True,False,1384962840000.0,,False,12,12,0,31,45
654,719,"Victoria Park Road, Hackney Central",300011,51.53642464,-0.054162264,True,False,1384968480000.0,,False,16,7,9,17,34
655,720,"Star Road, West Kensington",300038,51.48724429,-0.205279052,True,False,1385025840000.0,,False,17,14,3,5,23
656,721,"Wendon Street, Old Ford",300039,51.53603947,-0.026262677,True,False,1385028480000.0,,False,12,10,2,5,18
657,722,"Finnis Street, Bethnal Green",300041,51.52458353,-0.058631453,True,False,1385028600000.0,,False,14,13,1,5,19
658,723,"Stephendale Road, Sands End",300053,51.46822047,-0.190346493,True,False,1385035380000.0,,False,31,27,4,12,48
659,724,"Alma Road, Wandsworth",300046,51.45799126,-0.184806157,True,False,1385125380000.0,,False,27,22,5,0,28
660,725,"Walworth Square, Walworth",300050,51.491327,-0.096518684,True,False,1563352500000.0,,False,20,18,2,3,24
661,726,"Alfreda Street, Battersea Park",300047,51.47505096,-0.150908371,True,False,1385128740000.0,,False,22,21,1,0,22
662,727,"Chesilton Road, Fulham",300054,51.47569809,-0.20587627,True,False,1385132160000.0,,False,20,14,6,0,23
663,728,"Putney Bridge Road, East Putney",300044,51.46199911,-0.206240805,True,False,1385466780000.0,,False,9,7,2,20,29
664,729,"St. Peter's Terrace, Fulham",300043,51.47893931,-0.208485293,True,False,1385391300000.0,,False,20,13,7,0,24
665,730,"Bridge Avenue, Hammersmith",300082,51.49208492,-0.229116862,True,False,1385132580000.0,,False,15,14,1,1,18
666,731,"Michael Road, Walham Green",300095,51.47727637,-0.189210466,True,False,1385394720000.0,,False,26,23,3,8,37
667,732,"Duke Street Hill, London Bridge",300083,51.50630441,-0.087262995,True,False,1385458020000.0,,False,0,0,0,16,21
668,733,"Park Lane, Mayfair",300093,51.50542628,-0.150817316,True,False,1385460840000.0,,False,0,0,0,14,18
669,734,"Plough Terrace, Clapham Junction",300094,51.46230566,-0.175407201,True,False,1385464500000.0,,False,17,17,0,11,31
670,735,"Grant Road East, Clapham Junction",200120,51.46489445,-0.17302926,True,False,1385383080000.0,,False,15,15,0,10,28
671,736,"Queensdale Road, Shepherd's Bush",300088,51.50659035,-0.216104479,True,False,1385472900000.0,,False,24,21,3,0,28
672,737,"Fulham Broadway, Walham Green",300086,51.47993289,-0.19411695,True,False,1385554620000.0,,False,24,20,4,1,26
673,738,"Imperial Road, Sands End",300087,51.47514228,-0.187278987,True,False,1385563380000.0,,False,30,27,3,7,37
674,739,"Hortensia Road, West Brompton",300091,51.48176572,-0.185273723,True,False,1385631000000.0,,False,2,2,0,23,28
675,740,"Sirdar Road, Avondale",300084,51.51092871,-0.214594781,True,False,1385635440000.0,,False,11,9,2,8,20
676,741,"Freston Road, Avondale",300085,51.5129814,-0.219486603,True,False,1385640120000.0,,False,12,10,2,7,23
677,742,"Blenheim Crescent, Ladbroke Grove",300090,51.51510818,-0.208565479,True,False,1385649540000.0,,False,8,7,1,11,22
678,743,"Oxford Road, Putney",300078,51.46079243,-0.212607684,True,False,1385723700000.0,,False,20,20,0,0,20
679,744,"Ingrave Street, Clapham Junction",300077,51.46745485,-0.172293499,True,False,1385729760000.0,,False,7,3,4,21,30
680,745,"Upcerne Road, West Chelsea",300075,51.47816972,-0.18243547,True,False,1385740020000.0,,False,13,12,1,12,29
681,746,"Lots Road, West Chelsea",300076,51.4795738,-0.17903854,True,False,1385985720000.0,,False,6,6,0,17,24
682,747,"Ormonde Gate, Chelsea",300089,51.48796408,-0.161765173,True,False,1385997240000.0,,False,9,7,2,10,24
683,748,"Hertford Road, De Beauvoir Town",300092,51.53727795,-0.079201849,True,False,1386159900000.0,,False,14,9,5,10,25
684,749,"Haggerston Road, Haggerston",300081,51.53932857,-0.074284675,True,False,1386172440000.0,,False,14,13,1,19,37
685,750,"Culvert Road, Battersea",300080,51.4710956,-0.157850096,True,False,1386240360000.0,,False,15,14,1,11,27
686,751,"Newton Street, Covent Garden",300074,51.51612862,-0.120909408,True,False,1386250800000.0,,False,0,0,0,23,24
687,752,"London Street, Paddington",300079,51.515117,-0.17371276,True,False,1650364320000.0,,False,7,6,1,6,19
688,753,"Clapham South, Clapham South",300006,51.452997,-0.1486519000000044,True,False,1386347520000.0,,False,20,17,3,4,28
689,754,"Grenfell Road, Avondale",300067,51.5129006,-0.214762686,True,False,1389003540000.0,,False,18,16,2,6,24
690,755,"The Vale, Chelsea",300058,51.48512191,-0.174971902,True,False,1389008580000.0,,False,4,4,0,18,24
691,756,"Prince of Wales Drive, Battersea Park",300073,51.47515398,-0.159169801,True,False,1390223040000.0,,False,18,15,3,3,21
692,757,"Harcourt Terrace, West Brompton",300069,51.48795853,-0.187404506,True,False,1389094260000.0,,False,15,14,1,8,24
693,758,"Westbourne Park Road, Portobello",300057,51.51787005,-0.201005397,True,False,1389178020000.0,,False,5,0,5,14,23
694,759,"Broadley Terrace, Marylebone",300072,51.52456169,-0.165668686,True,False,1389627480000.0,,False,11,8,3,6,18
695,760,"Elgin Avenue, Maida Hill",300071,51.524309,-0.2012345999999922,True,False,1390310760000.0,,False,12,8,4,4,18
696,761,"Humbolt Road, Fulham",300068,51.48321729,-0.211860644,True,False,1389781800000.0,,False,9,8,1,15,26
697,762,"Storey's Gate, Westminster",200202,51.50070305,-0.129698963,True,False,1392039000000.0,,False,0,0,0,19,21
698,763,"Mile End Park Leisure Centre, Mile End",300027,51.52059714,-0.032566533,True,False,1392043020000.0,,False,25,22,3,22,47
699,764,"St. John's Road, Clapham Junction",200185,51.46239255,-0.16829214,True,False,1392633480000.0,,False,24,22,2,7,33
700,765,"Ranelagh Gardens, Fulham",300064,51.46760141,-0.20682737,True,False,1392986940000.0,,False,16,14,2,13,29
701,766,"Ram Street, Wandsworth",200079,51.45752945,-0.192165613,True,False,1392894840000.0,,False,15,12,3,7,25
702,767,"Santos Road, Wandsworth",200177,51.45705988,-0.200806304,True,False,1393406280000.0,,False,9,8,1,21,30
703,768,"Clapham Common North Side, Clapham Common",300065,51.46134382,-0.159322467,True,False,1393494060000.0,,False,22,16,6,11,37
704,769,"Sandilands Road, Walham Green",300001,51.473611,-0.191803,True,False,1393939560000.0,,False,19,14,5,0,21
705,770,"Gwendwr Road, West Kensington",300097,51.491026,-0.209121,True,False,1394099280000.0,,False,19,18,1,10,30
706,771,"Rifle Place, Avondale",300007,51.509224,-0.216016,True,False,1394018400000.0,,False,21,21,0,0,21
707,772,"Binfield Road, Stockwell",300015,51.47250956,-0.122831913,True,False,1396442100000.0,,False,33,31,2,0,35
708,773,"Tallis Street, Temple",300096,51.511891,-0.107349,True,False,1396262520000.0,,False,0,0,0,24,24
709,774,"Hurlingham Park, Parsons Green",300098,51.470131,-0.20464,True,False,1396265880000.0,,False,2,1,1,14,20
710,775,"Little Brook Green, Brook Green",300101,51.496664,-0.223868,True,False,1396270320000.0,,False,18,18,0,15,33
711,776,"Adeline Place, Bloomsbury",300099,51.517632,-0.1299856999999917,True,False,1396273320000.0,,False,0,0,0,21,22
712,779,"Houndsditch, Aldgate",200072,51.514449,-0.077178979,True,False,1435313700000.0,,False,0,0,0,27,28
713,780,"Imperial Wharf Station, Sands End",300070,51.474665,-0.18316517,True,False,1439455200000.0,,False,24,20,4,0,25
714,782,"Halford Road, West Kensington",300210,51.483911,-0.19760944,True,False,1446485820000.0,,False,19,15,4,1,24
715,783,"Monier Road, Hackney Wick",300213,51.5403115,-0.021630359,True,False,1448529660000.0,,False,16,13,3,1,27
716,784,"East Village, Queen Elizabeth Olympic Park",300200,51.546326,-0.00993526,True,False,1452789240000.0,,False,31,30,1,0,34
717,785,"Aquatic Centre, Queen Elizabeth Olympic Park",300233,51.541482,-0.0104377000000113,True,False,1451908440000.0,,False,20,20,0,4,30
718,786,"Lee Valley VeloPark, Queen Elizabeth Olympic Park",300029,51.549369,-0.015717614,True,False,1451918160000.0,,False,38,33,5,2,44
719,787,"Timber Lodge, Queen Elizabeth Olympic Park",300227,51.546805,-0.01469126,True,False,1451900700000.0,,False,29,25,4,0,35
720,788,"Copper Box Arena, Queen Elizabeth Olympic Park",300226,51.544909,-0.0205426,True,False,1451906880000.0,,False,18,15,3,11,31
721,789,"Podium, Queen Elizabeth Olympic Park",300021,51.538718,-0.011889482,True,False,1452507000000.0,,False,26,22,4,13,40
722,790,"Stratford Station, Stratford",300234,51.541793,-0.00481,True,False,1452687420000.0,,False,14,13,1,9,28
723,792,"Blackfriars Road, Southwark",300214,51.505461,-0.10454093,True,False,1454926380000.0,,False,0,0,0,37,42
724,793,"Cromer Street, Bloomsbury",300205,51.528279,-0.11955857,True,False,1459424760000.0,,False,26,26,0,0,28
725,795,"Euston Square Gardens, Euston",300203,51.527068,-0.13186102,True,False,1456744740000.0,,False,20,17,3,8,30
726,796,"Coram Street, Bloomsbury",300201,51.524,-0.12640984,True,False,1456746420000.0,,False,11,11,0,17,29
727,797,"Ossulston Street, Somers Town",300211,51.5293,-0.12827903,True,False,1456839540000.0,,False,19,18,1,5,30
728,798,"Birkenhead Street, King's Cross",300212,51.5301998755,-0.122299440803,True,False,1464787980000.0,,False,21,21,0,2,27
729,799,"Kings Gate House, Westminster",300202,51.4976984561,-0.137598896295,True,False,1464876480000.0,,False,0,0,0,22,24
730,801,"Lavington Street, Bankside",300208,51.5052241745,-0.0980318118664,True,False,1458824640000.0,,False,0,0,0,29,29
731,802,"Albert Square, Stockwell",300209,51.4765900593,-0.118256789081,True,False,1464865500000.0,,False,26,23,3,1,32
732,803,"Southwark Street, Bankside",300238,51.5054099403,-0.0983410884509,True,False,1464787860000.0,,False,0,0,0,21,23
733,804,"Good's Way, King's Cross",300243,51.5346677396,-0.125078652873,True,False,1459410960000.0,,False,1,1,0,18,27
734,805,"The Metropolitan, Portobello",300244,51.520509,-0.20080483,True,False,1467626400000.0,,False,1,0,1,16,18
735,807,"Bevington Road West, North Kensington",300236,51.5212,-0.208888173,True,False,1466715600000.0,,False,16,14,2,2,24
736,808,"Gauden Road, Clapham",300207,51.464995,-0.13090885,True,False,1461753540000.0,,False,24,22,2,2,28
737,809,"Lincoln's Inn Fields, Holborn",300240,51.5162778834,-0.118272991635,True,False,1467640800000.0,,False,0,0,0,27,28
738,810,"Tate Modern, Bankside",300237,51.5067252868,-0.0988072461627,True,False,1464943200000.0,,False,0,0,0,29,30
739,811,"Westferry Circus, Canary Wharf",300228,51.5057030357,-0.0277727426235,True,False,1469538960000.0,,False,17,11,6,9,36
740,812,"Here East North, Queen Elizabeth Olympic Park",300217,51.5487311915,-0.0226065549321,True,False,1469005200000.0,,False,19,18,1,8,28
741,813,"New Spring Gardens Walk, Vauxhall",300224,51.4878074485,-0.122759625866,True,False,1467627120000.0,,False,4,4,0,29,33
742,814,"Clapham Road, Lingham Street, Stockwell",300245,51.4714330677,-0.123670735702,True,False,1464870060000.0,,False,26,25,1,0,30
743,815,"Lambeth Palace Road, Waterloo",300231,51.5000891978,-0.116628700672,True,False,1462357680000.0,,False,7,7,0,20,35
744,816,"Here East South, Queen Elizabeth Olympic Park",300219,51.5465327935,-0.0205975904647,True,False,1489065360000.0,,False,8,7,1,12,20
745,818,"Westminster Pier, Westminster",300249,51.501513,-0.12382322,True,False,1563958740000.0,,False,1,1,0,20,27
746,819,"Belvedere Road 2, South Bank",300246,51.50621,-0.114842,True,False,1476360120000.0,,False,29,28,1,8,38
747,820,"Victory Place, Walworth",300239,51.492807,-0.091938,True,False,1481807940000.0,,False,10,8,2,9,24
748,821,"Battersea Power Station, Battersea Park",300221,51.4835074867,-0.147714557371,True,False,1487335920000.0,,False,16,15,1,8,27
749,826,"Allington Street, Victoria",300242,51.496863,-0.1429434,True,False,1500554880000.0,,False,0,0,0,20,28
750,827,"Cranmer Road, Stockwell",300247,51.479601,-0.11147178,True,False,1517788800000.0,,False,8,8,0,8,24
751,828,"Normandy Road, Stockwell",300225,51.473874,-0.11258096,True,False,1517788800000.0,,False,20,18,2,11,32
752,829,"Wynne Road, Stockwell",300230,51.469217,-0.11268674,True,False,1517443200000.0,,False,8,8,0,17,25
753,830,"Sidney Road, Stockwell",300229,51.469202,-0.11902256,True,False,1517961600000.0,,False,20,17,3,6,27
754,831,"St John's Crescent, Brixton",300215,51.466232,-0.11317995,True,False,1517961600000.0,,False,9,6,3,16,25
755,832,"Ferndale Road, Brixton",200240,51.464019,-0.11578197,True,False,1517961600000.0,,False,20,14,6,8,30
756,833,"Saltoun Road, Brixton",300206,51.460232,-0.11537509,True,False,1517875200000.0,,False,19,18,1,21,42
757,834,"Gas Holders, Battersea Park",300216,51.477966,-0.14785703,True,False,1529449200000.0,,False,11,6,5,12,26
758,835,"Farringdon Street, Holborn",300220,51.516785,-0.10494775,True,False,,,False,0,0,0,24,25
759,836,"York Way, Kings Cross",300235,51.541596,-0.12544145,True,False,,,False,16,14,2,5,24
760,838,"Fore Street, Guildhall",300222,51.518093,-0.0914017,True,False,1539254700000.0,,False,0,0,0,22,25
761,839,"Sea Containers, South Bank",200144,51.508033,-0.10682363,True,False,1544611140000.0,,False,0,0,0,27,30
762,840,"George Row, Bermondsey",2679,51.498585,-0.068981764,True,False,1599752640000.0,,False,19,18,1,0,22
763,841,"Tower Wharf, Bermondsey",2667,51.500845,-0.074704305,True,False,,,False,15,14,1,1,20
764,842,"Temple Gardens, Temple",300250,51.510981,-0.10832249,True,False,1600856400000.0,,False,0,0,0,24,24
765,844,"Canada Water Station, Rotherhithe",300252,51.498439,-0.049150215,True,False,1608298140000.0,,False,29,29,0,1,35
766,845,"Bermondsey Station, Bermondsey",300253,51.497995,-0.063471392,True,False,1608303660000.0,,False,26,23,3,0,30
767,846,"Burgess Park Albany Road, Walworth",300063,51.48224,-0.0942844,True,False,1659792420000.0,,False,22,17,5,1,30
768,847,"South Bermondsey Station, Bermondsey",300062,51.488067,-0.057774596,True,False,,,False,19,18,1,4,24
769,848,"Horse Guards Avenue, Westminster",300066,51.505031,-0.1230004999999891,True,False,,,True,0,0,0,29,29
770,849,"Crimscott Street, Bermondsey",300061,51.495598,-0.078893,True,False,,,False,16,15,1,0,19
771,850,"Brandon Street, Walworth",300060,51.489102,-0.0915489,True,False,,,False,20,15,5,0,22
772,851,"The Blue, Bermondsey",300059,51.492221,-0.0625130999999896,True,False,1666044000000.0,,False,20,18,2,0,22
773,852,"Coomer Place, West Kensington",200081,51.4835707,-0.2020387000000028,True,False,,,False,23,17,6,1,27
774,857,"Strand, Strand",1100,51.512582,-0.1150572999999894,True,False,,,False,1,0,1,34,35
775,864,"Abbey Orchard Street, Westminster",3429,51.4981256,-0.1321021999999914,True,False,1279107720000.0,,False,0,0,0,28,29
776,865,"Leonard Circus , Shoreditch",1020,51.5246962,-0.0844393000000138,True,False,1278506700000.0,,False,0,0,0,38,43
777,866,"Limburg Road, Clapham Junction",300100,51.4619231,-0.165297900000013,True,False,1406282940000.0,,False,21,17,4,0,21
778,867,"Pritchard's Road, Bethnal Green",200083,51.532091,-0.0614199999999982,True,False,1738671420000.0,,False,15,11,4,12,30
779,868,"Kennington Lane Rail Bridge, Vauxhall",1190,51.4863434,-0.1224923999999987,True,False,1279720380000.0,,False,25,25,0,0,31
780,869,"Albert Embankment, Vauxhall",1059,51.4904357,-0.1228069000000005,True,False,1279099860000.0,,False,3,3,0,19,24
781,870,"Lower Marsh, Waterloo",1219,51.5001394,-0.1139359999999953,True,False,1283762460000.0,,False,6,6,0,7,17
782,872,"Risinghill Street, Angel",1127,51.5333196,-0.1117811999999958,True,False,1280160600000.0,,False,7,3,4,15,25
783,873,"St. Pancras Way, Camden Town",1111,51.537071,-0.132850100000013,True,False,1279700640000.0,,False,7,7,0,12,20
784,874,"Handyside Street, King's Cross",300241,51.5372406,-0.1248074000000087,True,False,1472723460000.0,,False,0,0,0,22,27
785,875,"Victoria Rise, Clapham Common",300204,51.461376,-0.1478046999999946,True,False,1456403040000.0,,False,20,18,2,0,23
786,876,"Old Quebec Street, Marylebone",1085,51.5145776,-0.1582645000000013,True,False,1279099680000.0,,False,0,0,0,14,16
787,877,"Spencer Park, Wandsworth Common",200191,51.4578702,-0.1746915999999885,True,False,1381933680000.0,,False,14,5,9,9,25
788,878,"Victoria & Albert Museum, South Kensington",300032,51.495898,-0.1730090000000075,True,False,1446485340000.0,,False,0,0,0,30,30
789,879,"BBC White City, White City",200136,51.514767,-0.2257869999999968,True,False,,,False,14,12,2,15,36
790,881,"Albany Street, The Regent's Park",200134,51.528302,-0.1444659999999942,True,False,,,False,16,13,3,8,27
791,882,"Maplin Street, Mile End",200230,51.525501,-0.0322672000000068,True,False,1327256520000.0,,False,3,3,0,32,39
792,883,"London Fields, Hackney Central",200025,51.54119,-0.0588261000000045,True,False,1380795000000.0,,False,14,10,4,3,21
793,884,"Westfield Ariel Way, White City",200141,51.509158,-0.2241030000000137,True,False,1330937940000.0,,False,35,34,1,2,42
794,885,"Gloucester Avenue, Camden Town",200145,51.537349,-0.1471540000000004,True,False,,,False,14,12,2,9,24
795,887,"London Zoo Car Park, The Regent's Park",1188,51.5369222,-0.1501814000000081,True,False,1280224260000.0,,False,18,14,4,18,36
796,888,"Norton Folgate, Liverpool Street",1068,51.5211137,-0.0788698000000067,True,False,1279190040000.0,,False,0,0,0,19,23
